--
-- PostgreSQL database dump
--

\restrict 8hOA2UiXuNBdbU1Gkf5lR3xMepL06idZ4z4LIcmJtG5tHuiskBVUyUCNcmRabGd

-- Dumped from database version 18.0 (Debian 18.0-1.pgdg13+3)
-- Dumped by pg_dump version 18.1

SET statement_timeout = 0;
SET lock_timeout = 0;
SET idle_in_transaction_session_timeout = 0;
SET transaction_timeout = 0;
SET client_encoding = 'UTF8';
SET standard_conforming_strings = on;
SELECT pg_catalog.set_config('search_path', '', false);
SET check_function_bodies = false;
SET xmloption = content;
SET client_min_messages = warning;
SET row_security = off;

--
-- Name: enum__pages_v_version_status; Type: TYPE; Schema: public; Owner: payload
--

CREATE TYPE public.enum__pages_v_version_status AS ENUM (
    'draft',
    'published'
);


ALTER TYPE public.enum__pages_v_version_status OWNER TO payload;

--
-- Name: enum__posts_v_version_status; Type: TYPE; Schema: public; Owner: payload
--

CREATE TYPE public.enum__posts_v_version_status AS ENUM (
    'draft',
    'published'
);


ALTER TYPE public.enum__posts_v_version_status OWNER TO payload;

--
-- Name: enum_pages_status; Type: TYPE; Schema: public; Owner: payload
--

CREATE TYPE public.enum_pages_status AS ENUM (
    'draft',
    'published'
);


ALTER TYPE public.enum_pages_status OWNER TO payload;

--
-- Name: enum_payload_folders_folder_type; Type: TYPE; Schema: public; Owner: payload
--

CREATE TYPE public.enum_payload_folders_folder_type AS ENUM (
    'media'
);


ALTER TYPE public.enum_payload_folders_folder_type OWNER TO payload;

--
-- Name: enum_payload_jobs_log_state; Type: TYPE; Schema: public; Owner: payload
--

CREATE TYPE public.enum_payload_jobs_log_state AS ENUM (
    'failed',
    'succeeded'
);


ALTER TYPE public.enum_payload_jobs_log_state OWNER TO payload;

--
-- Name: enum_payload_jobs_log_task_slug; Type: TYPE; Schema: public; Owner: payload
--

CREATE TYPE public.enum_payload_jobs_log_task_slug AS ENUM (
    'inline',
    'schedulePublish'
);


ALTER TYPE public.enum_payload_jobs_log_task_slug OWNER TO payload;

--
-- Name: enum_payload_jobs_task_slug; Type: TYPE; Schema: public; Owner: payload
--

CREATE TYPE public.enum_payload_jobs_task_slug AS ENUM (
    'inline',
    'schedulePublish'
);


ALTER TYPE public.enum_payload_jobs_task_slug OWNER TO payload;

--
-- Name: enum_posts_status; Type: TYPE; Schema: public; Owner: payload
--

CREATE TYPE public.enum_posts_status AS ENUM (
    'draft',
    'published'
);


ALTER TYPE public.enum_posts_status OWNER TO payload;

SET default_tablespace = '';

SET default_table_access_method = heap;

--
-- Name: _pages_v; Type: TABLE; Schema: public; Owner: payload
--

CREATE TABLE public._pages_v (
    id uuid DEFAULT gen_random_uuid() NOT NULL,
    parent_id uuid,
    version_title character varying,
    version_content jsonb,
    version_meta_title character varying,
    version_meta_description character varying,
    version_slug character varying,
    version_slug_lock boolean DEFAULT true,
    version_updated_at timestamp(3) with time zone,
    version_created_at timestamp(3) with time zone,
    version__status public.enum__pages_v_version_status DEFAULT 'draft'::public.enum__pages_v_version_status,
    created_at timestamp(3) with time zone DEFAULT now() NOT NULL,
    updated_at timestamp(3) with time zone DEFAULT now() NOT NULL,
    latest boolean,
    autosave boolean
);


ALTER TABLE public._pages_v OWNER TO payload;

--
-- Name: _posts_v; Type: TABLE; Schema: public; Owner: payload
--

CREATE TABLE public._posts_v (
    id uuid DEFAULT gen_random_uuid() NOT NULL,
    parent_id uuid,
    version_title character varying,
    version_featured_photo_id uuid,
    version_abstract character varying,
    version_content jsonb,
    version_meta_title character varying,
    version_meta_image_id uuid,
    version_meta_description character varying,
    version_published_at timestamp(3) with time zone,
    version_slug character varying,
    version_slug_lock boolean DEFAULT true,
    version_updated_at timestamp(3) with time zone,
    version_created_at timestamp(3) with time zone,
    version__status public.enum__posts_v_version_status DEFAULT 'draft'::public.enum__posts_v_version_status,
    created_at timestamp(3) with time zone DEFAULT now() NOT NULL,
    updated_at timestamp(3) with time zone DEFAULT now() NOT NULL,
    latest boolean,
    autosave boolean
);


ALTER TABLE public._posts_v OWNER TO payload;

--
-- Name: media; Type: TABLE; Schema: public; Owner: payload
--

CREATE TABLE public.media (
    id uuid DEFAULT gen_random_uuid() NOT NULL,
    alt character varying NOT NULL,
    folder_id uuid,
    updated_at timestamp(3) with time zone DEFAULT now() NOT NULL,
    created_at timestamp(3) with time zone DEFAULT now() NOT NULL,
    url character varying,
    thumbnail_u_r_l character varying,
    filename character varying,
    mime_type character varying,
    filesize numeric,
    width numeric,
    height numeric,
    focal_x numeric,
    focal_y numeric,
    sizes_thumbnail_url character varying,
    sizes_thumbnail_width numeric,
    sizes_thumbnail_height numeric,
    sizes_thumbnail_mime_type character varying,
    sizes_thumbnail_filesize numeric,
    sizes_thumbnail_filename character varying,
    sizes_wide_url character varying,
    sizes_wide_width numeric,
    sizes_wide_height numeric,
    sizes_wide_mime_type character varying,
    sizes_wide_filesize numeric,
    sizes_wide_filename character varying,
    sizes_small_url character varying,
    sizes_small_width numeric,
    sizes_small_height numeric,
    sizes_small_mime_type character varying,
    sizes_small_filesize numeric,
    sizes_small_filename character varying,
    sizes_medium_url character varying,
    sizes_medium_width numeric,
    sizes_medium_height numeric,
    sizes_medium_mime_type character varying,
    sizes_medium_filesize numeric,
    sizes_medium_filename character varying,
    sizes_large_url character varying,
    sizes_large_width numeric,
    sizes_large_height numeric,
    sizes_large_mime_type character varying,
    sizes_large_filesize numeric,
    sizes_large_filename character varying
);


ALTER TABLE public.media OWNER TO payload;

--
-- Name: pages; Type: TABLE; Schema: public; Owner: payload
--

CREATE TABLE public.pages (
    id uuid DEFAULT gen_random_uuid() NOT NULL,
    title character varying,
    content jsonb,
    meta_title character varying,
    meta_description character varying,
    slug character varying,
    slug_lock boolean DEFAULT true,
    updated_at timestamp(3) with time zone DEFAULT now() NOT NULL,
    created_at timestamp(3) with time zone DEFAULT now() NOT NULL,
    _status public.enum_pages_status DEFAULT 'draft'::public.enum_pages_status
);


ALTER TABLE public.pages OWNER TO payload;

--
-- Name: payload_folders; Type: TABLE; Schema: public; Owner: payload
--

CREATE TABLE public.payload_folders (
    id uuid DEFAULT gen_random_uuid() NOT NULL,
    name character varying NOT NULL,
    folder_id uuid,
    updated_at timestamp(3) with time zone DEFAULT now() NOT NULL,
    created_at timestamp(3) with time zone DEFAULT now() NOT NULL
);


ALTER TABLE public.payload_folders OWNER TO payload;

--
-- Name: payload_folders_folder_type; Type: TABLE; Schema: public; Owner: payload
--

CREATE TABLE public.payload_folders_folder_type (
    "order" integer NOT NULL,
    parent_id uuid NOT NULL,
    value public.enum_payload_folders_folder_type,
    id uuid DEFAULT gen_random_uuid() NOT NULL
);


ALTER TABLE public.payload_folders_folder_type OWNER TO payload;

--
-- Name: payload_jobs; Type: TABLE; Schema: public; Owner: payload
--

CREATE TABLE public.payload_jobs (
    id uuid DEFAULT gen_random_uuid() NOT NULL,
    input jsonb,
    completed_at timestamp(3) with time zone,
    total_tried numeric DEFAULT 0,
    has_error boolean DEFAULT false,
    error jsonb,
    task_slug public.enum_payload_jobs_task_slug,
    queue character varying DEFAULT 'default'::character varying,
    wait_until timestamp(3) with time zone,
    processing boolean DEFAULT false,
    updated_at timestamp(3) with time zone DEFAULT now() NOT NULL,
    created_at timestamp(3) with time zone DEFAULT now() NOT NULL
);


ALTER TABLE public.payload_jobs OWNER TO payload;

--
-- Name: payload_jobs_log; Type: TABLE; Schema: public; Owner: payload
--

CREATE TABLE public.payload_jobs_log (
    _order integer NOT NULL,
    _parent_id uuid NOT NULL,
    id character varying NOT NULL,
    executed_at timestamp(3) with time zone NOT NULL,
    completed_at timestamp(3) with time zone NOT NULL,
    task_slug public.enum_payload_jobs_log_task_slug NOT NULL,
    task_i_d character varying NOT NULL,
    input jsonb,
    output jsonb,
    state public.enum_payload_jobs_log_state NOT NULL,
    error jsonb
);


ALTER TABLE public.payload_jobs_log OWNER TO payload;

--
-- Name: payload_locked_documents; Type: TABLE; Schema: public; Owner: payload
--

CREATE TABLE public.payload_locked_documents (
    id uuid DEFAULT gen_random_uuid() NOT NULL,
    global_slug character varying,
    updated_at timestamp(3) with time zone DEFAULT now() NOT NULL,
    created_at timestamp(3) with time zone DEFAULT now() NOT NULL
);


ALTER TABLE public.payload_locked_documents OWNER TO payload;

--
-- Name: payload_locked_documents_rels; Type: TABLE; Schema: public; Owner: payload
--

CREATE TABLE public.payload_locked_documents_rels (
    id integer NOT NULL,
    "order" integer,
    parent_id uuid NOT NULL,
    path character varying NOT NULL,
    users_id uuid,
    media_id uuid,
    posts_id uuid,
    pages_id uuid,
    payload_jobs_id uuid,
    payload_folders_id uuid
);


ALTER TABLE public.payload_locked_documents_rels OWNER TO payload;

--
-- Name: payload_locked_documents_rels_id_seq; Type: SEQUENCE; Schema: public; Owner: payload
--

CREATE SEQUENCE public.payload_locked_documents_rels_id_seq
    AS integer
    START WITH 1
    INCREMENT BY 1
    NO MINVALUE
    NO MAXVALUE
    CACHE 1;


ALTER SEQUENCE public.payload_locked_documents_rels_id_seq OWNER TO payload;

--
-- Name: payload_locked_documents_rels_id_seq; Type: SEQUENCE OWNED BY; Schema: public; Owner: payload
--

ALTER SEQUENCE public.payload_locked_documents_rels_id_seq OWNED BY public.payload_locked_documents_rels.id;


--
-- Name: payload_migrations; Type: TABLE; Schema: public; Owner: payload
--

CREATE TABLE public.payload_migrations (
    id uuid DEFAULT gen_random_uuid() NOT NULL,
    name character varying,
    batch numeric,
    updated_at timestamp(3) with time zone DEFAULT now() NOT NULL,
    created_at timestamp(3) with time zone DEFAULT now() NOT NULL
);


ALTER TABLE public.payload_migrations OWNER TO payload;

--
-- Name: payload_preferences; Type: TABLE; Schema: public; Owner: payload
--

CREATE TABLE public.payload_preferences (
    id uuid DEFAULT gen_random_uuid() NOT NULL,
    key character varying,
    value jsonb,
    updated_at timestamp(3) with time zone DEFAULT now() NOT NULL,
    created_at timestamp(3) with time zone DEFAULT now() NOT NULL
);


ALTER TABLE public.payload_preferences OWNER TO payload;

--
-- Name: payload_preferences_rels; Type: TABLE; Schema: public; Owner: payload
--

CREATE TABLE public.payload_preferences_rels (
    id integer NOT NULL,
    "order" integer,
    parent_id uuid NOT NULL,
    path character varying NOT NULL,
    users_id uuid
);


ALTER TABLE public.payload_preferences_rels OWNER TO payload;

--
-- Name: payload_preferences_rels_id_seq; Type: SEQUENCE; Schema: public; Owner: payload
--

CREATE SEQUENCE public.payload_preferences_rels_id_seq
    AS integer
    START WITH 1
    INCREMENT BY 1
    NO MINVALUE
    NO MAXVALUE
    CACHE 1;


ALTER SEQUENCE public.payload_preferences_rels_id_seq OWNER TO payload;

--
-- Name: payload_preferences_rels_id_seq; Type: SEQUENCE OWNED BY; Schema: public; Owner: payload
--

ALTER SEQUENCE public.payload_preferences_rels_id_seq OWNED BY public.payload_preferences_rels.id;


--
-- Name: posts; Type: TABLE; Schema: public; Owner: payload
--

CREATE TABLE public.posts (
    id uuid DEFAULT gen_random_uuid() NOT NULL,
    title character varying,
    featured_photo_id uuid,
    abstract character varying,
    content jsonb,
    meta_title character varying,
    meta_image_id uuid,
    meta_description character varying,
    published_at timestamp(3) with time zone,
    slug character varying,
    slug_lock boolean DEFAULT true,
    updated_at timestamp(3) with time zone DEFAULT now() NOT NULL,
    created_at timestamp(3) with time zone DEFAULT now() NOT NULL,
    _status public.enum_posts_status DEFAULT 'draft'::public.enum_posts_status
);


ALTER TABLE public.posts OWNER TO payload;

--
-- Name: site_settings; Type: TABLE; Schema: public; Owner: payload
--

CREATE TABLE public.site_settings (
    id uuid DEFAULT gen_random_uuid() NOT NULL,
    default_meta_author character varying NOT NULL,
    default_meta_description character varying NOT NULL,
    default_meta_image_id uuid NOT NULL,
    updated_at timestamp(3) with time zone,
    created_at timestamp(3) with time zone
);


ALTER TABLE public.site_settings OWNER TO payload;

--
-- Name: users; Type: TABLE; Schema: public; Owner: payload
--

CREATE TABLE public.users (
    id uuid DEFAULT gen_random_uuid() NOT NULL,
    updated_at timestamp(3) with time zone DEFAULT now() NOT NULL,
    created_at timestamp(3) with time zone DEFAULT now() NOT NULL,
    email character varying NOT NULL,
    reset_password_token character varying,
    reset_password_expiration timestamp(3) with time zone,
    salt character varying,
    hash character varying,
    login_attempts numeric DEFAULT 0,
    lock_until timestamp(3) with time zone
);


ALTER TABLE public.users OWNER TO payload;

--
-- Name: users_sessions; Type: TABLE; Schema: public; Owner: payload
--

CREATE TABLE public.users_sessions (
    _order integer NOT NULL,
    _parent_id uuid NOT NULL,
    id character varying NOT NULL,
    created_at timestamp(3) with time zone,
    expires_at timestamp(3) with time zone NOT NULL
);


ALTER TABLE public.users_sessions OWNER TO payload;

--
-- Name: payload_locked_documents_rels id; Type: DEFAULT; Schema: public; Owner: payload
--

ALTER TABLE ONLY public.payload_locked_documents_rels ALTER COLUMN id SET DEFAULT nextval('public.payload_locked_documents_rels_id_seq'::regclass);


--
-- Name: payload_preferences_rels id; Type: DEFAULT; Schema: public; Owner: payload
--

ALTER TABLE ONLY public.payload_preferences_rels ALTER COLUMN id SET DEFAULT nextval('public.payload_preferences_rels_id_seq'::regclass);


--
-- Data for Name: _pages_v; Type: TABLE DATA; Schema: public; Owner: payload
--

COPY public._pages_v (id, parent_id, version_title, version_content, version_meta_title, version_meta_description, version_slug, version_slug_lock, version_updated_at, version_created_at, version__status, created_at, updated_at, latest, autosave) FROM stdin;
4af74da9-19cc-46f3-b851-9b98d74149e4	14af53ca-3a93-4583-a3c2-65f22ff85eeb	\N	\N	\N	\N	\N	t	2025-10-15 08:16:25.024+00	2025-10-15 08:16:25.024+00	draft	2025-10-15 08:16:25.026+00	2025-10-15 08:16:25.026+00	f	f
7a8d7356-e51c-4a39-988b-03e764fbeb13	14af53ca-3a93-4583-a3c2-65f22ff85eeb	Imprint	{"root": {"type": "root", "format": "", "indent": 0, "version": 1, "children": [{"type": "paragraph", "format": "", "indent": 0, "version": 1, "children": [{"mode": "normal", "text": "Lorem ipsum dolor sit amet, consetetur sadipscing elitr, sed diam nonumy eirmod tempor invidunt ut labore et dolore magna aliquyam erat, sed diam voluptua. At vero eos et accusam et justo duo dolores et ea rebum. Stet clita kasd gubergren, no sea takimata sanctus est Lorem ipsum dolor sit amet. Lorem ipsum dolor sit amet, consetetur sadipscing elitr, sed diam nonumy eirmod tempor invidunt ut labore et dolore magna aliquyam erat, sed diam voluptua. At vero eos et accusam et justo duo dolores et ea rebum. Stet clita kasd gubergren, no sea takimata sanctus est Lorem ipsum dolor sit amet.", "type": "text", "style": "", "detail": 0, "format": 0, "version": 1}], "direction": null, "textStyle": "", "textFormat": 0}], "direction": null}}	Imprint	\N	imprint	f	2025-10-16 08:30:42.889+00	2025-10-15 08:16:25.024+00	draft	2025-10-15 08:16:28.122+00	2025-10-16 08:30:42.889+00	f	t
6c721b74-f241-4157-b0bd-a7b2d31a90de	14af53ca-3a93-4583-a3c2-65f22ff85eeb	Imprint	{"root": {"type": "root", "format": "", "indent": 0, "version": 1, "children": [{"type": "paragraph", "format": "", "indent": 0, "version": 1, "children": [{"mode": "normal", "text": "Lorem ipsum dolor sit amet, consetetur sadipscing elitr, sed diam nonumy eirmod tempor invidunt ut labore et dolore magna aliquyam erat, sed diam voluptua. At vero eos et accusam et justo duo dolores et ea rebum. Stet clita kasd gubergren, no sea takimata sanctus est Lorem ipsum dolor sit amet. Lorem ipsum dolor sit amet, consetetur sadipscing elitr, sed diam nonumy eirmod tempor invidunt ut labore et dolore magna aliquyam erat, sed diam voluptua. At vero eos et accusam et justo duo dolores et ea rebum. Stet clita kasd gubergren, no sea takimata sanctus est Lorem ipsum dolor sit amet.", "type": "text", "style": "", "detail": 0, "format": 0, "version": 1}], "direction": null, "textStyle": "", "textFormat": 0}], "direction": null}}	Imprint	\N	imprint	f	2025-10-16 08:30:45.08+00	2025-10-15 08:16:25.024+00	published	2025-10-16 08:30:45.081+00	2025-10-16 08:30:45.081+00	f	f
03b75e85-e539-4315-a8d7-b24104c401e6	14af53ca-3a93-4583-a3c2-65f22ff85eeb	Imprint	{"root": {"type": "root", "format": "", "indent": 0, "version": 1, "children": [{"type": "paragraph", "format": "", "indent": 0, "version": 1, "children": [{"mode": "normal", "text": "Lorem ipsum dolor sit amet, consetetur sadipscing elitr, sed diam nonumy eirmod tempor invidunt ut labore et dolore magna aliquyam erat, sed diam voluptua. At vero eos et accusam et justo duo dolores et ea rebum. Stet clita kasd gubergren, no sea takimata sanctus est Lorem ipsum dolor sit amet. Lorem ipsum dolor sit amet, consetetur sadipscing elitr, sed diam nonumy eirmod tempor invidunt ut labore et dolore magna aliquyam erat, sed diam voluptua. At vero eos et accusam et justo duo dolores et ea rebum. Stet clita kasd gubergren, no sea takimata sanctus est Lorem ipsum dolor sit amet.", "type": "text", "style": "", "detail": 0, "format": 0, "version": 1}], "direction": null, "textStyle": "", "textFormat": 0}, {"tag": "h2", "type": "heading", "format": "", "indent": 0, "version": 1, "children": [{"mode": "normal", "text": "this is a heading", "type": "text", "style": "", "detail": 0, "format": 0, "version": 1}], "direction": null}, {"type": "paragraph", "format": "", "indent": 0, "version": 1, "children": [{"mode": "normal", "text": "Lorem ipsum dolor sit amet, consetetur sadipscing elitr, sed diam nonumy eirmod tempor invidunt ut labore et dolore magna aliquyam erat, sed diam voluptua. At vero eos et accusam et justo duo dolores et ea rebum. Stet clita kasd gubergren, no sea takimata sanctus est Lorem ipsum dolor sit amet. Lorem ipsum dolor sit amet, consetetur sadipscing elitr, sed diam nonumy eirmod tempor invidunt ut labore et dolore magna aliquyam erat, sed diam voluptua. At vero eos et accusam et justo duo dolores et ea rebum. Stet clita kasd gubergren, no sea takimata sanctus est Lorem ipsum dolor sit amet.", "type": "text", "style": "", "detail": 0, "format": 0, "version": 1}], "direction": null, "textStyle": "", "textFormat": 0}, {"tag": "h2", "type": "heading", "format": "", "indent": 0, "version": 1, "children": [], "direction": null}], "direction": null}}	Imprint	\N	imprint	f	2025-10-16 08:47:18.99+00	2025-10-15 08:16:25.024+00	published	2025-10-16 08:47:18.99+00	2025-10-16 08:47:18.99+00	t	f
0cf0eb3b-4091-4e00-b955-177251a32ffd	14af53ca-3a93-4583-a3c2-65f22ff85eeb	Imprint	{"root": {"type": "root", "format": "", "indent": 0, "version": 1, "children": [{"type": "paragraph", "format": "", "indent": 0, "version": 1, "children": [{"mode": "normal", "text": "Lorem ipsum dolor sit amet, consetetur sadipscing elitr, sed diam nonumy eirmod tempor invidunt ut labore et dolore magna aliquyam erat, sed diam voluptua. At vero eos et accusam et justo duo dolores et ea rebum. Stet clita kasd gubergren, no sea takimata sanctus est Lorem ipsum dolor sit amet. Lorem ipsum dolor sit amet, consetetur sadipscing elitr, sed diam nonumy eirmod tempor invidunt ut labore et dolore magna aliquyam erat, sed diam voluptua. At vero eos et accusam et justo duo dolores et ea rebum. Stet clita kasd gubergren, no sea takimata sanctus est Lorem ipsum dolor sit amet.", "type": "text", "style": "", "detail": 0, "format": 0, "version": 1}], "direction": null, "textStyle": "", "textFormat": 0}, {"tag": "h2", "type": "heading", "format": "", "indent": 0, "version": 1, "children": [{"mode": "normal", "text": "this is a heading", "type": "text", "style": "", "detail": 0, "format": 0, "version": 1}], "direction": null}, {"type": "paragraph", "format": "", "indent": 0, "version": 1, "children": [{"mode": "normal", "text": "Lorem ipsum dolor sit amet, consetetur sadipscing elitr, sed diam nonumy eirmod tempor invidunt ut labore et dolore magna aliquyam erat, sed diam voluptua. At vero eos et accusam et justo duo dolores et ea rebum. Stet clita kasd gubergren, no sea takimata sanctus est Lorem ipsum dolor sit amet. Lorem ipsum dolor sit amet, consetetur sadipscing elitr, sed diam nonumy eirmod tempor invidunt ut labore et dolore magna aliquyam erat, sed diam voluptua. At vero eos et accusam et justo duo dolores et ea rebum. Stet clita kasd gubergren, no sea takimata sanctus est Lorem ipsum dolor sit amet.", "type": "text", "style": "", "detail": 0, "format": 0, "version": 1}], "direction": null, "textStyle": "", "textFormat": 0}, {"tag": "h2", "type": "heading", "format": "", "indent": 0, "version": 1, "children": [], "direction": null}], "direction": null}}	Imprint	\N	imprint	f	2025-10-16 08:47:17.085+00	2025-10-15 08:16:25.024+00	draft	2025-10-16 08:47:03.485+00	2025-10-16 08:47:17.085+00	f	t
\.


--
-- Data for Name: _posts_v; Type: TABLE DATA; Schema: public; Owner: payload
--

COPY public._posts_v (id, parent_id, version_title, version_featured_photo_id, version_abstract, version_content, version_meta_title, version_meta_image_id, version_meta_description, version_published_at, version_slug, version_slug_lock, version_updated_at, version_created_at, version__status, created_at, updated_at, latest, autosave) FROM stdin;
9829f919-e991-4e57-8967-513af311165b	7ca1a14f-7c50-4e60-a802-a38792ce19c1	This is my first post	e432ef61-83fc-42e8-9ea3-69a9f9e66a74	Lorem ipsum dolor sit amet, consetetur sadipscing elitr, sed diam nonumy eirmod tempor invidunt ut labore et dolore magna aliquyam erat, sed diam voluptua. At vero eos et accusam et justo duo dolores et ea rebum.	{"root": {"type": "root", "format": "", "indent": 0, "version": 1, "children": [{"type": "paragraph", "format": "", "indent": 0, "version": 1, "children": [{"mode": "normal", "text": "Lorem ipsum dolor sit amet, consetetur sadipscing elitr, sed diam nonumy eirmod tempor invidunt ut labore et dolore magna aliquyam erat, sed diam voluptua. At vero eos et accusam et justo duo dolores et ea rebum. Stet clita kasd gubergren, no sea takimata sanctus est Lorem ipsum dolor sit amet. Lorem ipsum dolor sit amet, consetetur sadipscing elitr, sed diam nonumy eirmod tempor invidunt ut labore et dolore magna aliquyam erat, sed diam voluptua. At vero eos et accusam et justo duo dolores et ea rebum. Stet clita kasd gubergren, no sea takimata sanctus est Lorem ipsum dolor sit amet.", "type": "text", "style": "", "detail": 0, "format": 0, "version": 1}], "direction": null, "textStyle": "", "textFormat": 0}, {"type": "block", "fields": {"id": "68ef5462e633ed551dc66b7e", "media": "e432ef61-83fc-42e8-9ea3-69a9f9e66a74", "blockName": "", "blockType": "mediaBlock"}, "format": "", "version": 2}, {"type": "paragraph", "format": "", "indent": 0, "version": 1, "children": [{"mode": "normal", "text": "Lorem ipsum dolor sit amet, consetetur sadipscing elitr, sed diam nonumy eirmod tempor invidunt ut labore et dolore magna aliquyam erat, sed diam voluptua. At vero eos et accusam et justo duo dolores et ea rebum. Stet clita kasd gubergren, no sea takimata sanctus est Lorem ipsum dolor sit amet. Lorem ipsum dolor sit amet, consetetur sadipscing elitr, sed diam nonumy eirmod tempor invidunt ut labore et dolore magna aliquyam erat, sed diam voluptua. At vero eos et accusam et justo duo dolores et ea rebum. Stet clita kasd gubergren, no sea takimata sanctus est Lorem ipsum dolor sit amet.", "type": "text", "style": "", "detail": 0, "format": 0, "version": 1}], "direction": null, "textStyle": "", "textFormat": 0}], "direction": null}}	\N	\N	\N	2025-10-13 14:45:09.988+00	this-is-my-first-post	f	2025-10-15 08:00:31.309+00	2025-10-07 09:54:08.513+00	draft	2025-10-15 08:00:31.309+00	2025-10-15 08:00:31.309+00	f	t
cc5a0ef3-433b-4641-8e49-6d1a1f849e5a	7ca1a14f-7c50-4e60-a802-a38792ce19c1	This is my first post	e432ef61-83fc-42e8-9ea3-69a9f9e66a74	this is an abstract text	{"root": {"type": "root", "format": "", "indent": 0, "version": 1, "children": [{"type": "paragraph", "format": "", "indent": 0, "version": 1, "children": [{"mode": "normal", "text": "bla bla bla ", "type": "text", "style": "", "detail": 0, "format": 0, "version": 1}], "direction": null, "textStyle": "", "textFormat": 0}, {"type": "paragraph", "format": "", "indent": 0, "version": 1, "children": [], "direction": null, "textStyle": "", "textFormat": 0}], "direction": null}}	\N	\N	\N	2025-10-13 14:45:09.988+00	this-is-my-first-post	f	2025-10-13 14:45:27.882+00	2025-10-07 09:54:08.513+00	published	2025-10-13 14:45:27.883+00	2025-10-13 14:45:27.883+00	f	f
f7e9c2b6-2480-46eb-8022-5f913b9f3435	7ca1a14f-7c50-4e60-a802-a38792ce19c1	\N	\N	\N	\N	\N	\N	\N	\N	\N	t	2025-10-07 09:54:08.513+00	2025-10-07 09:54:08.513+00	draft	2025-10-07 09:54:08.516+00	2025-10-07 09:54:08.516+00	f	f
736497d0-112f-4fd9-8c3d-cc3f5cf18609	387d2a76-420f-46b1-ac36-d80e4aad6e36	This is my fifth post	e432ef61-83fc-42e8-9ea3-69a9f9e66a74	Lorem ipsum dolor sit amet, consetetur sadipscing elitr, sed diam nonumy eirmod tempor invidunt ut labore et dolore magna aliquyam erat, sed diam voluptua. At vero eos et accusam et justo duo dolores et ea rebum.	{"root": {"type": "root", "format": "", "indent": 0, "version": 1, "children": [{"type": "paragraph", "format": "", "indent": 0, "version": 1, "children": [{"mode": "normal", "text": "Lorem ipsum dolor sit amet, consetetur sadipscing elitr, sed diam nonumy eirmod tempor invidunt ut labore et dolore magna aliquyam erat, sed diam voluptua. At vero eos et accusam et justo duo dolores et ea rebum. Stet clita kasd gubergren, no sea takimata sanctus est Lorem ipsum dolor sit amet. Lorem ipsum dolor sit amet, consetetur sadipscing elitr, sed diam nonumy eirmod tempor invidunt ut labore et dolore magna aliquyam erat, sed diam voluptua. At vero eos et accusam et justo duo dolores et ea rebum. Stet clita kasd gubergren, no sea takimata sanctus est Lorem ipsum dolor sit amet.", "type": "text", "style": "", "detail": 0, "format": 0, "version": 1}], "direction": null, "textStyle": "", "textFormat": 0}, {"tag": "h2", "type": "heading", "format": "", "indent": 0, "version": 1, "children": [{"mode": "normal", "text": "here comes a heading", "type": "text", "style": "", "detail": 0, "format": 0, "version": 1}], "direction": null}, {"type": "paragraph", "format": "", "indent": 0, "version": 1, "children": [{"mode": "normal", "text": "and more content followed by an image:", "type": "text", "style": "", "detail": 0, "format": 0, "version": 1}], "direction": null, "textStyle": "", "textFormat": 0}, {"type": "block", "fields": {"id": "68ef5462e633ed551dc66b7e", "media": "e432ef61-83fc-42e8-9ea3-69a9f9e66a74", "blockName": "", "blockType": "mediaBlock"}, "format": "", "version": 2}, {"type": "paragraph", "format": "", "indent": 0, "version": 1, "children": [{"mode": "normal", "text": "Lorem ipsum dolor sit amet, consetetur sadipscing elitr, sed diam nonumy eirmod tempor invidunt ut labore et dolore magna aliquyam erat, sed diam voluptua. At vero eos et accusam et justo duo dolores et ea rebum. Stet clita kasd gubergren, no sea takimata sanctus est Lorem ipsum dolor sit amet. Lorem ipsum dolor sit amet, consetetur sadipscing elitr, sed diam nonumy eirmod tempor invidunt ut labore et dolore magna aliquyam erat, sed diam voluptua. At vero eos et accusam et justo duo dolores et ea rebum. Stet clita kasd gubergren, no sea takimata sanctus est Lorem ipsum dolor sit amet.", "type": "text", "style": "", "detail": 0, "format": 0, "version": 1}], "direction": null, "textStyle": "", "textFormat": 0}, {"type": "block", "fields": {"id": "68f63a116b985c7d01c0815d", "images": [{"id": "68fbade67b1afde1b3e0b997", "media": "3c32d8f7-b5ad-4893-97c4-0506c398dee8"}, {"id": "68f63a138a18cc90ca5961a5", "media": "e432ef61-83fc-42e8-9ea3-69a9f9e66a74"}, {"id": "68fbaf44437af004b8c51ef8", "media": "2dc484cd-c7e8-49c4-af02-8946bac1bdf6"}, {"id": "68f63a1e8a18cc90ca5961a7", "media": "3eed0c6a-476a-4fdc-84b0-6a9dd19c4e73"}, {"id": "68f63a388a18cc90ca5961a9", "media": "f4253fb9-a457-42ff-8ea8-7b60c4ef5631"}], "blockType": "galleryBlock"}, "format": "", "version": 2}, {"type": "paragraph", "format": "", "indent": 0, "version": 1, "children": [], "direction": null, "textStyle": "", "textFormat": 0}], "direction": null}}	This is my fifth post	e432ef61-83fc-42e8-9ea3-69a9f9e66a74	lalalalala	2025-10-13 14:45:09.988+00	this-is-my-first-post	f	2025-10-29 12:53:14.935+00	2025-10-15 08:04:37.707+00	published	2025-10-29 12:53:14.945+00	2025-10-29 12:53:14.945+00	f	f
33901c44-7c60-4077-8e72-796716b1fa32	387d2a76-420f-46b1-ac36-d80e4aad6e36	This is my fifth post	e432ef61-83fc-42e8-9ea3-69a9f9e66a74	Lorem ipsum dolor sit amet, consetetur sadipscing elitr, sed diam nonumy eirmod tempor invidunt ut labore et dolore magna aliquyam erat, sed diam voluptua. At vero eos et accusam et justo duo dolores et ea rebum.	{"root": {"type": "root", "format": "", "indent": 0, "version": 1, "children": [{"type": "paragraph", "format": "", "indent": 0, "version": 1, "children": [{"mode": "normal", "text": "Lorem ipsum dolor sit amet, consetetur sadipscing elitr, sed diam nonumy eirmod tempor invidunt ut labore et dolore magna aliquyam erat, sed diam voluptua. At vero eos et accusam et justo duo dolores et ea rebum. Stet clita kasd gubergren, no sea takimata sanctus est Lorem ipsum dolor sit amet. Lorem ipsum dolor sit amet, consetetur sadipscing elitr, sed diam nonumy eirmod tempor invidunt ut labore et dolore magna aliquyam erat, sed diam voluptua. At vero eos et accusam et justo duo dolores et ea rebum. Stet clita kasd gubergren, no sea takimata sanctus est Lorem ipsum dolor sit amet.", "type": "text", "style": "", "detail": 0, "format": 0, "version": 1}], "direction": null, "textStyle": "", "textFormat": 0}, {"type": "block", "fields": {"id": "68ef5462e633ed551dc66b7e", "media": "e432ef61-83fc-42e8-9ea3-69a9f9e66a74", "blockName": "", "blockType": "mediaBlock"}, "format": "", "version": 2}, {"type": "paragraph", "format": "", "indent": 0, "version": 1, "children": [{"mode": "normal", "text": "Lorem ipsum dolor sit amet, consetetur sadipscing elitr, sed diam nonumy eirmod tempor invidunt ut labore et dolore magna aliquyam erat, sed diam voluptua. At vero eos et accusam et justo duo dolores et ea rebum. Stet clita kasd gubergren, no sea takimata sanctus est Lorem ipsum dolor sit amet. Lorem ipsum dolor sit amet, consetetur sadipscing elitr, sed diam nonumy eirmod tempor invidunt ut labore et dolore magna aliquyam erat, sed diam voluptua. At vero eos et accusam et justo duo dolores et ea rebum. Stet clita kasd gubergren, no sea takimata sanctus est Lorem ipsum dolor sit amet.", "type": "text", "style": "", "detail": 0, "format": 0, "version": 1}], "direction": null, "textStyle": "", "textFormat": 0}], "direction": null}}	This is my fifth post	e432ef61-83fc-42e8-9ea3-69a9f9e66a74	lalalalala	2025-10-13 14:45:09.988+00	this-is-my-first-post	f	2025-10-16 08:24:49.92+00	2025-10-15 08:04:37.707+00	published	2025-10-16 08:24:49.921+00	2025-10-16 08:24:49.921+00	f	f
6108f129-c9cf-401c-a351-5358bacc15bb	7ca1a14f-7c50-4e60-a802-a38792ce19c1	This is my first post	e432ef61-83fc-42e8-9ea3-69a9f9e66a74	this is an abstract text	{"root": {"type": "root", "format": "", "indent": 0, "version": 1, "children": [{"type": "paragraph", "format": "", "indent": 0, "version": 1, "children": [{"mode": "normal", "text": "Lorem ipsum dolor sit amet, consetetur sadipscing elitr, sed diam nonumy eirmod tempor invidunt ut labore et dolore magna aliquyam erat, sed diam voluptua. At vero eos et accusam et justo duo dolores et ea rebum. Stet clita kasd gubergren, no sea takimata sanctus est Lorem ipsum dolor sit amet. Lorem ipsum dolor sit amet, consetetur sadipscing elitr, sed diam nonumy eirmod tempor invidunt ut labore et dolore magna aliquyam erat, sed diam voluptua. At vero eos et accusam et justo duo dolores et ea rebum. Stet clita kasd gubergren, no sea takimata sanctus est Lorem ipsum dolor sit amet.", "type": "text", "style": "", "detail": 0, "format": 0, "version": 1}], "direction": null, "textStyle": "", "textFormat": 0}, {"type": "block", "fields": {"id": "68ef5462e633ed551dc66b7e", "media": "e432ef61-83fc-42e8-9ea3-69a9f9e66a74", "blockName": "", "blockType": "mediaBlock"}, "format": "", "version": 2}, {"type": "paragraph", "format": "", "indent": 0, "version": 1, "children": [{"mode": "normal", "text": "Lorem ipsum dolor sit amet, consetetur sadipscing elitr, sed diam nonumy eirmod tempor invidunt ut labore et dolore magna aliquyam erat, sed diam voluptua. At vero eos et accusam et justo duo dolores et ea rebum. Stet clita kasd gubergren, no sea takimata sanctus est Lorem ipsum dolor sit amet. Lorem ipsum dolor sit amet, consetetur sadipscing elitr, sed diam nonumy eirmod tempor invidunt ut labore et dolore magna aliquyam erat, sed diam voluptua. At vero eos et accusam et justo duo dolores et ea rebum. Stet clita kasd gubergren, no sea takimata sanctus est Lorem ipsum dolor sit amet.", "type": "text", "style": "", "detail": 0, "format": 0, "version": 1}], "direction": null, "textStyle": "", "textFormat": 0}], "direction": null}}	\N	\N	\N	2025-10-13 14:45:09.988+00	this-is-my-first-post	f	2025-10-15 07:59:41.576+00	2025-10-07 09:54:08.513+00	published	2025-10-15 07:59:41.58+00	2025-10-15 07:59:41.58+00	f	f
c439ea22-612f-4c4f-8237-1f4b0f85d0f2	7ca1a14f-7c50-4e60-a802-a38792ce19c1	This is my first post	e432ef61-83fc-42e8-9ea3-69a9f9e66a74	this is an abstract text	{"root": {"type": "root", "format": "", "indent": 0, "version": 1, "children": [{"type": "paragraph", "format": "", "indent": 0, "version": 1, "children": [{"mode": "normal", "text": "bla bla bla ", "type": "text", "style": "", "detail": 0, "format": 0, "version": 1}], "direction": null, "textStyle": "", "textFormat": 0}, {"type": "paragraph", "format": "", "indent": 0, "version": 1, "children": [], "direction": null, "textStyle": "", "textFormat": 0}], "direction": null}}	\N	\N	\N	\N		t	2025-10-13 14:45:07.167+00	2025-10-07 09:54:08.513+00	draft	2025-10-07 09:55:18.576+00	2025-10-13 14:45:07.167+00	f	t
4dbdad71-10cd-403e-a634-2ba4065b5704	7ca1a14f-7c50-4e60-a802-a38792ce19c1	This is my first post	e432ef61-83fc-42e8-9ea3-69a9f9e66a74	Lorem ipsum dolor sit amet, consetetur sadipscing elitr, sed diam nonumy eirmod tempor invidunt ut labore et dolore magna aliquyam erat, sed diam voluptua. At vero eos et accusam et justo duo dolores et ea rebum.	{"root": {"type": "root", "format": "", "indent": 0, "version": 1, "children": [{"type": "paragraph", "format": "", "indent": 0, "version": 1, "children": [{"mode": "normal", "text": "Lorem ipsum dolor sit amet, consetetur sadipscing elitr, sed diam nonumy eirmod tempor invidunt ut labore et dolore magna aliquyam erat, sed diam voluptua. At vero eos et accusam et justo duo dolores et ea rebum. Stet clita kasd gubergren, no sea takimata sanctus est Lorem ipsum dolor sit amet. Lorem ipsum dolor sit amet, consetetur sadipscing elitr, sed diam nonumy eirmod tempor invidunt ut labore et dolore magna aliquyam erat, sed diam voluptua. At vero eos et accusam et justo duo dolores et ea rebum. Stet clita kasd gubergren, no sea takimata sanctus est Lorem ipsum dolor sit amet.", "type": "text", "style": "", "detail": 0, "format": 0, "version": 1}], "direction": null, "textStyle": "", "textFormat": 0}, {"type": "block", "fields": {"id": "68ef5462e633ed551dc66b7e", "media": "e432ef61-83fc-42e8-9ea3-69a9f9e66a74", "blockName": "", "blockType": "mediaBlock"}, "format": "", "version": 2}, {"type": "paragraph", "format": "", "indent": 0, "version": 1, "children": [{"mode": "normal", "text": "Lorem ipsum dolor sit amet, consetetur sadipscing elitr, sed diam nonumy eirmod tempor invidunt ut labore et dolore magna aliquyam erat, sed diam voluptua. At vero eos et accusam et justo duo dolores et ea rebum. Stet clita kasd gubergren, no sea takimata sanctus est Lorem ipsum dolor sit amet. Lorem ipsum dolor sit amet, consetetur sadipscing elitr, sed diam nonumy eirmod tempor invidunt ut labore et dolore magna aliquyam erat, sed diam voluptua. At vero eos et accusam et justo duo dolores et ea rebum. Stet clita kasd gubergren, no sea takimata sanctus est Lorem ipsum dolor sit amet.", "type": "text", "style": "", "detail": 0, "format": 0, "version": 1}], "direction": null, "textStyle": "", "textFormat": 0}], "direction": null}}	\N	\N	\N	2025-10-13 14:45:09.988+00	this-is-my-first-post	f	2025-10-15 08:00:32.479+00	2025-10-07 09:54:08.513+00	published	2025-10-15 08:00:32.48+00	2025-10-15 08:00:32.48+00	t	f
120bd5f9-244b-4f8a-a420-bd9c0a3bc296	7ca1a14f-7c50-4e60-a802-a38792ce19c1	This is my first post	e432ef61-83fc-42e8-9ea3-69a9f9e66a74	this is an abstract text	{"root": {"type": "root", "format": "", "indent": 0, "version": 1, "children": [{"type": "paragraph", "format": "", "indent": 0, "version": 1, "children": [{"mode": "normal", "text": "bla bla bla ", "type": "text", "style": "", "detail": 0, "format": 0, "version": 1}], "direction": null, "textStyle": "", "textFormat": 0}, {"type": "paragraph", "format": "", "indent": 0, "version": 1, "children": [], "direction": null, "textStyle": "", "textFormat": 0}], "direction": null}}	\N	\N	\N	2025-10-13 14:45:09.988+00		t	2025-10-13 14:45:09.988+00	2025-10-07 09:54:08.513+00	published	2025-10-13 14:45:09.989+00	2025-10-13 14:45:09.989+00	f	f
dd5eff34-0b9b-4da6-8b0a-a2bbeba67048	7ca1a14f-7c50-4e60-a802-a38792ce19c1	This is my first post	e432ef61-83fc-42e8-9ea3-69a9f9e66a74	this is an abstract text	{"root": {"type": "root", "format": "", "indent": 0, "version": 1, "children": [{"type": "paragraph", "format": "", "indent": 0, "version": 1, "children": [{"mode": "normal", "text": "Lorem ipsum dolor sit amet, consetetur sadipscing elitr, sed diam nonumy eirmod tempor invidunt ut labore et dolore magna aliquyam erat, sed diam voluptua. At vero eos et accusam et justo duo dolores et ea rebum. Stet clita kasd gubergren, no sea takimata sanctus est Lorem ipsum dolor sit amet. Lorem ipsum dolor sit amet, consetetur sadipscing elitr, sed diam nonumy eirmod tempor invidunt ut labore et dolore magna aliquyam erat, sed diam voluptua. At vero eos et accusam et justo duo dolores et ea rebum. Stet clita kasd gubergren, no sea takimata sanctus est Lorem ipsum dolor sit amet.", "type": "text", "style": "", "detail": 0, "format": 0, "version": 1}], "direction": null, "textStyle": "", "textFormat": 0}, {"type": "block", "fields": {"id": "68ef5462e633ed551dc66b7e", "media": "e432ef61-83fc-42e8-9ea3-69a9f9e66a74", "blockName": "", "blockType": "mediaBlock"}, "format": "", "version": 2}, {"type": "paragraph", "format": "", "indent": 0, "version": 1, "children": [{"mode": "normal", "text": "Lorem ipsum dolor sit amet, consetetur sadipscing elitr, sed diam nonumy eirmod tempor invidunt ut labore et dolore magna aliquyam erat, sed diam voluptua. At vero eos et accusam et justo duo dolores et ea rebum. Stet clita kasd gubergren, no sea takimata sanctus est Lorem ipsum dolor sit amet. Lorem ipsum dolor sit amet, consetetur sadipscing elitr, sed diam nonumy eirmod tempor invidunt ut labore et dolore magna aliquyam erat, sed diam voluptua. At vero eos et accusam et justo duo dolores et ea rebum. Stet clita kasd gubergren, no sea takimata sanctus est Lorem ipsum dolor sit amet.", "type": "text", "style": "", "detail": 0, "format": 0, "version": 1}], "direction": null, "textStyle": "", "textFormat": 0}], "direction": null}}	\N	\N	\N	2025-10-13 14:45:09.988+00	this-is-my-first-post	f	2025-10-15 07:59:40.347+00	2025-10-07 09:54:08.513+00	draft	2025-10-15 07:59:10.851+00	2025-10-15 07:59:40.347+00	f	t
2b3ec97e-4cde-479e-bee5-a436e0d85aa8	7ca1a14f-7c50-4e60-a802-a38792ce19c1	This is my first post	e432ef61-83fc-42e8-9ea3-69a9f9e66a74	this is an abstract text	{"root": {"type": "root", "format": "", "indent": 0, "version": 1, "children": [{"type": "paragraph", "format": "", "indent": 0, "version": 1, "children": [{"mode": "normal", "text": "bla bla bla ", "type": "text", "style": "", "detail": 0, "format": 0, "version": 1}], "direction": null, "textStyle": "", "textFormat": 0}, {"type": "paragraph", "format": "", "indent": 0, "version": 1, "children": [], "direction": null, "textStyle": "", "textFormat": 0}], "direction": null}}	\N	\N	\N	2025-10-13 14:45:09.988+00	this-is-my-first-post	f	2025-10-13 14:45:26.391+00	2025-10-07 09:54:08.513+00	draft	2025-10-13 14:45:26.391+00	2025-10-13 14:45:26.391+00	f	t
5aed098c-11b2-4e6c-8019-cc4e730ac88f	afa6f02a-1158-4190-baeb-45f42c9f4b2c	This is my first post	e432ef61-83fc-42e8-9ea3-69a9f9e66a74	Lorem ipsum dolor sit amet, consetetur sadipscing elitr, sed diam nonumy eirmod tempor invidunt ut labore et dolore magna aliquyam erat, sed diam voluptua. At vero eos et accusam et justo duo dolores et ea rebum.	{"root": {"type": "root", "format": "", "indent": 0, "version": 1, "children": [{"type": "paragraph", "format": "", "indent": 0, "version": 1, "children": [{"mode": "normal", "text": "Lorem ipsum dolor sit amet, consetetur sadipscing elitr, sed diam nonumy eirmod tempor invidunt ut labore et dolore magna aliquyam erat, sed diam voluptua. At vero eos et accusam et justo duo dolores et ea rebum. Stet clita kasd gubergren, no sea takimata sanctus est Lorem ipsum dolor sit amet. Lorem ipsum dolor sit amet, consetetur sadipscing elitr, sed diam nonumy eirmod tempor invidunt ut labore et dolore magna aliquyam erat, sed diam voluptua. At vero eos et accusam et justo duo dolores et ea rebum. Stet clita kasd gubergren, no sea takimata sanctus est Lorem ipsum dolor sit amet.", "type": "text", "style": "", "detail": 0, "format": 0, "version": 1}], "direction": null, "textStyle": "", "textFormat": 0}, {"type": "block", "fields": {"id": "68ef5462e633ed551dc66b7e", "media": "e432ef61-83fc-42e8-9ea3-69a9f9e66a74", "blockName": "", "blockType": "mediaBlock"}, "format": "", "version": 2}, {"type": "paragraph", "format": "", "indent": 0, "version": 1, "children": [{"mode": "normal", "text": "Lorem ipsum dolor sit amet, consetetur sadipscing elitr, sed diam nonumy eirmod tempor invidunt ut labore et dolore magna aliquyam erat, sed diam voluptua. At vero eos et accusam et justo duo dolores et ea rebum. Stet clita kasd gubergren, no sea takimata sanctus est Lorem ipsum dolor sit amet. Lorem ipsum dolor sit amet, consetetur sadipscing elitr, sed diam nonumy eirmod tempor invidunt ut labore et dolore magna aliquyam erat, sed diam voluptua. At vero eos et accusam et justo duo dolores et ea rebum. Stet clita kasd gubergren, no sea takimata sanctus est Lorem ipsum dolor sit amet.", "type": "text", "style": "", "detail": 0, "format": 0, "version": 1}], "direction": null, "textStyle": "", "textFormat": 0}], "direction": null}}	\N	\N	\N	2025-10-13 14:45:09.988+00	this-is-my-first-post	f	2025-10-15 08:00:32.479+00	2025-10-15 08:03:30.563+00	draft	2025-10-15 08:03:30.564+00	2025-10-15 08:03:30.564+00	f	f
e17ec160-9813-4685-816f-05816d645d00	afa6f02a-1158-4190-baeb-45f42c9f4b2c	This is my second post	e432ef61-83fc-42e8-9ea3-69a9f9e66a74	Lorem ipsum dolor sit amet, consetetur sadipscing elitr, sed diam nonumy eirmod tempor invidunt ut labore et dolore magna aliquyam erat, sed diam voluptua. At vero eos et accusam et justo duo dolores et ea rebum.	{"root": {"type": "root", "format": "", "indent": 0, "version": 1, "children": [{"type": "paragraph", "format": "", "indent": 0, "version": 1, "children": [{"mode": "normal", "text": "Lorem ipsum dolor sit amet, consetetur sadipscing elitr, sed diam nonumy eirmod tempor invidunt ut labore et dolore magna aliquyam erat, sed diam voluptua. At vero eos et accusam et justo duo dolores et ea rebum. Stet clita kasd gubergren, no sea takimata sanctus est Lorem ipsum dolor sit amet. Lorem ipsum dolor sit amet, consetetur sadipscing elitr, sed diam nonumy eirmod tempor invidunt ut labore et dolore magna aliquyam erat, sed diam voluptua. At vero eos et accusam et justo duo dolores et ea rebum. Stet clita kasd gubergren, no sea takimata sanctus est Lorem ipsum dolor sit amet.", "type": "text", "style": "", "detail": 0, "format": 0, "version": 1}], "direction": null, "textStyle": "", "textFormat": 0}, {"type": "block", "fields": {"id": "68ef5462e633ed551dc66b7e", "media": "e432ef61-83fc-42e8-9ea3-69a9f9e66a74", "blockName": "", "blockType": "mediaBlock"}, "format": "", "version": 2}, {"type": "paragraph", "format": "", "indent": 0, "version": 1, "children": [{"mode": "normal", "text": "Lorem ipsum dolor sit amet, consetetur sadipscing elitr, sed diam nonumy eirmod tempor invidunt ut labore et dolore magna aliquyam erat, sed diam voluptua. At vero eos et accusam et justo duo dolores et ea rebum. Stet clita kasd gubergren, no sea takimata sanctus est Lorem ipsum dolor sit amet. Lorem ipsum dolor sit amet, consetetur sadipscing elitr, sed diam nonumy eirmod tempor invidunt ut labore et dolore magna aliquyam erat, sed diam voluptua. At vero eos et accusam et justo duo dolores et ea rebum. Stet clita kasd gubergren, no sea takimata sanctus est Lorem ipsum dolor sit amet.", "type": "text", "style": "", "detail": 0, "format": 0, "version": 1}], "direction": null, "textStyle": "", "textFormat": 0}], "direction": null}}	\N	\N	\N	2025-10-13 14:45:09.988+00	this-is-my-first-post	f	2025-10-15 08:03:38.892+00	2025-10-15 08:03:30.563+00	published	2025-10-15 08:03:38.893+00	2025-10-15 08:03:38.893+00	t	f
844e174b-2896-4eaa-b1df-cbdaf394facb	afa6f02a-1158-4190-baeb-45f42c9f4b2c	This is my secon post	e432ef61-83fc-42e8-9ea3-69a9f9e66a74	Lorem ipsum dolor sit amet, consetetur sadipscing elitr, sed diam nonumy eirmod tempor invidunt ut labore et dolore magna aliquyam erat, sed diam voluptua. At vero eos et accusam et justo duo dolores et ea rebum.	{"root": {"type": "root", "format": "", "indent": 0, "version": 1, "children": [{"type": "paragraph", "format": "", "indent": 0, "version": 1, "children": [{"mode": "normal", "text": "Lorem ipsum dolor sit amet, consetetur sadipscing elitr, sed diam nonumy eirmod tempor invidunt ut labore et dolore magna aliquyam erat, sed diam voluptua. At vero eos et accusam et justo duo dolores et ea rebum. Stet clita kasd gubergren, no sea takimata sanctus est Lorem ipsum dolor sit amet. Lorem ipsum dolor sit amet, consetetur sadipscing elitr, sed diam nonumy eirmod tempor invidunt ut labore et dolore magna aliquyam erat, sed diam voluptua. At vero eos et accusam et justo duo dolores et ea rebum. Stet clita kasd gubergren, no sea takimata sanctus est Lorem ipsum dolor sit amet.", "type": "text", "style": "", "detail": 0, "format": 0, "version": 1}], "direction": null, "textStyle": "", "textFormat": 0}, {"type": "block", "fields": {"id": "68ef5462e633ed551dc66b7e", "media": "e432ef61-83fc-42e8-9ea3-69a9f9e66a74", "blockName": "", "blockType": "mediaBlock"}, "format": "", "version": 2}, {"type": "paragraph", "format": "", "indent": 0, "version": 1, "children": [{"mode": "normal", "text": "Lorem ipsum dolor sit amet, consetetur sadipscing elitr, sed diam nonumy eirmod tempor invidunt ut labore et dolore magna aliquyam erat, sed diam voluptua. At vero eos et accusam et justo duo dolores et ea rebum. Stet clita kasd gubergren, no sea takimata sanctus est Lorem ipsum dolor sit amet. Lorem ipsum dolor sit amet, consetetur sadipscing elitr, sed diam nonumy eirmod tempor invidunt ut labore et dolore magna aliquyam erat, sed diam voluptua. At vero eos et accusam et justo duo dolores et ea rebum. Stet clita kasd gubergren, no sea takimata sanctus est Lorem ipsum dolor sit amet.", "type": "text", "style": "", "detail": 0, "format": 0, "version": 1}], "direction": null, "textStyle": "", "textFormat": 0}], "direction": null}}	\N	\N	\N	2025-10-13 14:45:09.988+00	this-is-my-first-post	f	2025-10-15 08:03:35.551+00	2025-10-15 08:03:30.563+00	draft	2025-10-15 08:03:34.707+00	2025-10-15 08:03:35.551+00	f	t
2c149ba1-5086-41ab-a865-476e3674120d	e1011a4e-f0a7-4b6f-9295-a5beea0457b5	This is my third post	e432ef61-83fc-42e8-9ea3-69a9f9e66a74	Lorem ipsum dolor sit amet, consetetur sadipscing elitr, sed diam nonumy eirmod tempor invidunt ut labore et dolore magna aliquyam erat, sed diam voluptua. At vero eos et accusam et justo duo dolores et ea rebum.	{"root": {"type": "root", "format": "", "indent": 0, "version": 1, "children": [{"type": "paragraph", "format": "", "indent": 0, "version": 1, "children": [{"mode": "normal", "text": "Lorem ipsum dolor sit amet, consetetur sadipscing elitr, sed diam nonumy eirmod tempor invidunt ut labore et dolore magna aliquyam erat, sed diam voluptua. At vero eos et accusam et justo duo dolores et ea rebum. Stet clita kasd gubergren, no sea takimata sanctus est Lorem ipsum dolor sit amet. Lorem ipsum dolor sit amet, consetetur sadipscing elitr, sed diam nonumy eirmod tempor invidunt ut labore et dolore magna aliquyam erat, sed diam voluptua. At vero eos et accusam et justo duo dolores et ea rebum. Stet clita kasd gubergren, no sea takimata sanctus est Lorem ipsum dolor sit amet.", "type": "text", "style": "", "detail": 0, "format": 0, "version": 1}], "direction": null, "textStyle": "", "textFormat": 0}, {"type": "block", "fields": {"id": "68ef5462e633ed551dc66b7e", "media": "e432ef61-83fc-42e8-9ea3-69a9f9e66a74", "blockName": "", "blockType": "mediaBlock"}, "format": "", "version": 2}, {"type": "paragraph", "format": "", "indent": 0, "version": 1, "children": [{"mode": "normal", "text": "Lorem ipsum dolor sit amet, consetetur sadipscing elitr, sed diam nonumy eirmod tempor invidunt ut labore et dolore magna aliquyam erat, sed diam voluptua. At vero eos et accusam et justo duo dolores et ea rebum. Stet clita kasd gubergren, no sea takimata sanctus est Lorem ipsum dolor sit amet. Lorem ipsum dolor sit amet, consetetur sadipscing elitr, sed diam nonumy eirmod tempor invidunt ut labore et dolore magna aliquyam erat, sed diam voluptua. At vero eos et accusam et justo duo dolores et ea rebum. Stet clita kasd gubergren, no sea takimata sanctus est Lorem ipsum dolor sit amet.", "type": "text", "style": "", "detail": 0, "format": 0, "version": 1}], "direction": null, "textStyle": "", "textFormat": 0}], "direction": null}}	\N	\N	\N	2025-10-13 14:45:09.988+00	this-is-my-first-post	f	2025-10-15 08:03:53.179+00	2025-10-15 08:03:46.611+00	published	2025-10-15 08:03:53.181+00	2025-10-15 08:03:53.181+00	t	f
6d459a86-ad4b-4110-8774-c8d474b98506	e1011a4e-f0a7-4b6f-9295-a5beea0457b5	This is my second post	e432ef61-83fc-42e8-9ea3-69a9f9e66a74	Lorem ipsum dolor sit amet, consetetur sadipscing elitr, sed diam nonumy eirmod tempor invidunt ut labore et dolore magna aliquyam erat, sed diam voluptua. At vero eos et accusam et justo duo dolores et ea rebum.	{"root": {"type": "root", "format": "", "indent": 0, "version": 1, "children": [{"type": "paragraph", "format": "", "indent": 0, "version": 1, "children": [{"mode": "normal", "text": "Lorem ipsum dolor sit amet, consetetur sadipscing elitr, sed diam nonumy eirmod tempor invidunt ut labore et dolore magna aliquyam erat, sed diam voluptua. At vero eos et accusam et justo duo dolores et ea rebum. Stet clita kasd gubergren, no sea takimata sanctus est Lorem ipsum dolor sit amet. Lorem ipsum dolor sit amet, consetetur sadipscing elitr, sed diam nonumy eirmod tempor invidunt ut labore et dolore magna aliquyam erat, sed diam voluptua. At vero eos et accusam et justo duo dolores et ea rebum. Stet clita kasd gubergren, no sea takimata sanctus est Lorem ipsum dolor sit amet.", "type": "text", "style": "", "detail": 0, "format": 0, "version": 1}], "direction": null, "textStyle": "", "textFormat": 0}, {"type": "block", "fields": {"id": "68ef5462e633ed551dc66b7e", "media": "e432ef61-83fc-42e8-9ea3-69a9f9e66a74", "blockName": "", "blockType": "mediaBlock"}, "format": "", "version": 2}, {"type": "paragraph", "format": "", "indent": 0, "version": 1, "children": [{"mode": "normal", "text": "Lorem ipsum dolor sit amet, consetetur sadipscing elitr, sed diam nonumy eirmod tempor invidunt ut labore et dolore magna aliquyam erat, sed diam voluptua. At vero eos et accusam et justo duo dolores et ea rebum. Stet clita kasd gubergren, no sea takimata sanctus est Lorem ipsum dolor sit amet. Lorem ipsum dolor sit amet, consetetur sadipscing elitr, sed diam nonumy eirmod tempor invidunt ut labore et dolore magna aliquyam erat, sed diam voluptua. At vero eos et accusam et justo duo dolores et ea rebum. Stet clita kasd gubergren, no sea takimata sanctus est Lorem ipsum dolor sit amet.", "type": "text", "style": "", "detail": 0, "format": 0, "version": 1}], "direction": null, "textStyle": "", "textFormat": 0}], "direction": null}}	\N	\N	\N	2025-10-13 14:45:09.988+00	this-is-my-first-post	f	2025-10-15 08:03:38.892+00	2025-10-15 08:03:46.611+00	draft	2025-10-15 08:03:46.613+00	2025-10-15 08:03:46.613+00	f	f
9d9d22d3-7a26-4ae7-97a2-2cf9eeb389b0	e1011a4e-f0a7-4b6f-9295-a5beea0457b5	This is my third post	e432ef61-83fc-42e8-9ea3-69a9f9e66a74	Lorem ipsum dolor sit amet, consetetur sadipscing elitr, sed diam nonumy eirmod tempor invidunt ut labore et dolore magna aliquyam erat, sed diam voluptua. At vero eos et accusam et justo duo dolores et ea rebum.	{"root": {"type": "root", "format": "", "indent": 0, "version": 1, "children": [{"type": "paragraph", "format": "", "indent": 0, "version": 1, "children": [{"mode": "normal", "text": "Lorem ipsum dolor sit amet, consetetur sadipscing elitr, sed diam nonumy eirmod tempor invidunt ut labore et dolore magna aliquyam erat, sed diam voluptua. At vero eos et accusam et justo duo dolores et ea rebum. Stet clita kasd gubergren, no sea takimata sanctus est Lorem ipsum dolor sit amet. Lorem ipsum dolor sit amet, consetetur sadipscing elitr, sed diam nonumy eirmod tempor invidunt ut labore et dolore magna aliquyam erat, sed diam voluptua. At vero eos et accusam et justo duo dolores et ea rebum. Stet clita kasd gubergren, no sea takimata sanctus est Lorem ipsum dolor sit amet.", "type": "text", "style": "", "detail": 0, "format": 0, "version": 1}], "direction": null, "textStyle": "", "textFormat": 0}, {"type": "block", "fields": {"id": "68ef5462e633ed551dc66b7e", "media": "e432ef61-83fc-42e8-9ea3-69a9f9e66a74", "blockName": "", "blockType": "mediaBlock"}, "format": "", "version": 2}, {"type": "paragraph", "format": "", "indent": 0, "version": 1, "children": [{"mode": "normal", "text": "Lorem ipsum dolor sit amet, consetetur sadipscing elitr, sed diam nonumy eirmod tempor invidunt ut labore et dolore magna aliquyam erat, sed diam voluptua. At vero eos et accusam et justo duo dolores et ea rebum. Stet clita kasd gubergren, no sea takimata sanctus est Lorem ipsum dolor sit amet. Lorem ipsum dolor sit amet, consetetur sadipscing elitr, sed diam nonumy eirmod tempor invidunt ut labore et dolore magna aliquyam erat, sed diam voluptua. At vero eos et accusam et justo duo dolores et ea rebum. Stet clita kasd gubergren, no sea takimata sanctus est Lorem ipsum dolor sit amet.", "type": "text", "style": "", "detail": 0, "format": 0, "version": 1}], "direction": null, "textStyle": "", "textFormat": 0}], "direction": null}}	\N	\N	\N	2025-10-13 14:45:09.988+00	this-is-my-first-post	f	2025-10-15 08:03:51.224+00	2025-10-15 08:03:46.611+00	draft	2025-10-15 08:03:49.114+00	2025-10-15 08:03:51.224+00	f	t
94235be4-576c-451d-a8c2-f8dd2b182cf6	c64a6ee1-8c4d-4bca-8156-dce1e0a19509	This is my fourth post	e432ef61-83fc-42e8-9ea3-69a9f9e66a74	Lorem ipsum dolor sit amet, consetetur sadipscing elitr, sed diam nonumy eirmod tempor invidunt ut labore et dolore magna aliquyam erat, sed diam voluptua. At vero eos et accusam et justo duo dolores et ea rebum.	{"root": {"type": "root", "format": "", "indent": 0, "version": 1, "children": [{"type": "paragraph", "format": "", "indent": 0, "version": 1, "children": [{"mode": "normal", "text": "Lorem ipsum dolor sit amet, consetetur sadipscing elitr, sed diam nonumy eirmod tempor invidunt ut labore et dolore magna aliquyam erat, sed diam voluptua. At vero eos et accusam et justo duo dolores et ea rebum. Stet clita kasd gubergren, no sea takimata sanctus est Lorem ipsum dolor sit amet. Lorem ipsum dolor sit amet, consetetur sadipscing elitr, sed diam nonumy eirmod tempor invidunt ut labore et dolore magna aliquyam erat, sed diam voluptua. At vero eos et accusam et justo duo dolores et ea rebum. Stet clita kasd gubergren, no sea takimata sanctus est Lorem ipsum dolor sit amet.", "type": "text", "style": "", "detail": 0, "format": 0, "version": 1}], "direction": null, "textStyle": "", "textFormat": 0}, {"type": "block", "fields": {"id": "68ef5462e633ed551dc66b7e", "media": "e432ef61-83fc-42e8-9ea3-69a9f9e66a74", "blockName": "", "blockType": "mediaBlock"}, "format": "", "version": 2}, {"type": "paragraph", "format": "", "indent": 0, "version": 1, "children": [{"mode": "normal", "text": "Lorem ipsum dolor sit amet, consetetur sadipscing elitr, sed diam nonumy eirmod tempor invidunt ut labore et dolore magna aliquyam erat, sed diam voluptua. At vero eos et accusam et justo duo dolores et ea rebum. Stet clita kasd gubergren, no sea takimata sanctus est Lorem ipsum dolor sit amet. Lorem ipsum dolor sit amet, consetetur sadipscing elitr, sed diam nonumy eirmod tempor invidunt ut labore et dolore magna aliquyam erat, sed diam voluptua. At vero eos et accusam et justo duo dolores et ea rebum. Stet clita kasd gubergren, no sea takimata sanctus est Lorem ipsum dolor sit amet.", "type": "text", "style": "", "detail": 0, "format": 0, "version": 1}], "direction": null, "textStyle": "", "textFormat": 0}], "direction": null}}	\N	\N	\N	2025-10-13 14:45:09.988+00	this-is-my-first-post	f	2025-10-15 08:04:04.905+00	2025-10-15 08:04:01.842+00	draft	2025-10-15 08:04:04.046+00	2025-10-15 08:04:04.905+00	f	t
97012ff8-8c0a-45d8-93c7-4477b05a1b79	c64a6ee1-8c4d-4bca-8156-dce1e0a19509	This is my fourth post	e432ef61-83fc-42e8-9ea3-69a9f9e66a74	Lorem ipsum dolor sit amet, consetetur sadipscing elitr, sed diam nonumy eirmod tempor invidunt ut labore et dolore magna aliquyam erat, sed diam voluptua. At vero eos et accusam et justo duo dolores et ea rebum.	{"root": {"type": "root", "format": "", "indent": 0, "version": 1, "children": [{"type": "paragraph", "format": "", "indent": 0, "version": 1, "children": [{"mode": "normal", "text": "Lorem ipsum dolor sit amet, consetetur sadipscing elitr, sed diam nonumy eirmod tempor invidunt ut labore et dolore magna aliquyam erat, sed diam voluptua. At vero eos et accusam et justo duo dolores et ea rebum. Stet clita kasd gubergren, no sea takimata sanctus est Lorem ipsum dolor sit amet. Lorem ipsum dolor sit amet, consetetur sadipscing elitr, sed diam nonumy eirmod tempor invidunt ut labore et dolore magna aliquyam erat, sed diam voluptua. At vero eos et accusam et justo duo dolores et ea rebum. Stet clita kasd gubergren, no sea takimata sanctus est Lorem ipsum dolor sit amet.", "type": "text", "style": "", "detail": 0, "format": 0, "version": 1}], "direction": null, "textStyle": "", "textFormat": 0}, {"type": "block", "fields": {"id": "68ef5462e633ed551dc66b7e", "media": "e432ef61-83fc-42e8-9ea3-69a9f9e66a74", "blockName": "", "blockType": "mediaBlock"}, "format": "", "version": 2}, {"type": "paragraph", "format": "", "indent": 0, "version": 1, "children": [{"mode": "normal", "text": "Lorem ipsum dolor sit amet, consetetur sadipscing elitr, sed diam nonumy eirmod tempor invidunt ut labore et dolore magna aliquyam erat, sed diam voluptua. At vero eos et accusam et justo duo dolores et ea rebum. Stet clita kasd gubergren, no sea takimata sanctus est Lorem ipsum dolor sit amet. Lorem ipsum dolor sit amet, consetetur sadipscing elitr, sed diam nonumy eirmod tempor invidunt ut labore et dolore magna aliquyam erat, sed diam voluptua. At vero eos et accusam et justo duo dolores et ea rebum. Stet clita kasd gubergren, no sea takimata sanctus est Lorem ipsum dolor sit amet.", "type": "text", "style": "", "detail": 0, "format": 0, "version": 1}], "direction": null, "textStyle": "", "textFormat": 0}], "direction": null}}	\N	\N	\N	2025-10-13 14:45:09.988+00	this-is-my-first-post	f	2025-10-15 08:04:06.747+00	2025-10-15 08:04:01.842+00	published	2025-10-15 08:04:06.748+00	2025-10-15 08:04:06.748+00	t	f
aed20976-cac8-46b5-b058-c9baed3c8f83	c64a6ee1-8c4d-4bca-8156-dce1e0a19509	This is my third post	e432ef61-83fc-42e8-9ea3-69a9f9e66a74	Lorem ipsum dolor sit amet, consetetur sadipscing elitr, sed diam nonumy eirmod tempor invidunt ut labore et dolore magna aliquyam erat, sed diam voluptua. At vero eos et accusam et justo duo dolores et ea rebum.	{"root": {"type": "root", "format": "", "indent": 0, "version": 1, "children": [{"type": "paragraph", "format": "", "indent": 0, "version": 1, "children": [{"mode": "normal", "text": "Lorem ipsum dolor sit amet, consetetur sadipscing elitr, sed diam nonumy eirmod tempor invidunt ut labore et dolore magna aliquyam erat, sed diam voluptua. At vero eos et accusam et justo duo dolores et ea rebum. Stet clita kasd gubergren, no sea takimata sanctus est Lorem ipsum dolor sit amet. Lorem ipsum dolor sit amet, consetetur sadipscing elitr, sed diam nonumy eirmod tempor invidunt ut labore et dolore magna aliquyam erat, sed diam voluptua. At vero eos et accusam et justo duo dolores et ea rebum. Stet clita kasd gubergren, no sea takimata sanctus est Lorem ipsum dolor sit amet.", "type": "text", "style": "", "detail": 0, "format": 0, "version": 1}], "direction": null, "textStyle": "", "textFormat": 0}, {"type": "block", "fields": {"id": "68ef5462e633ed551dc66b7e", "media": "e432ef61-83fc-42e8-9ea3-69a9f9e66a74", "blockName": "", "blockType": "mediaBlock"}, "format": "", "version": 2}, {"type": "paragraph", "format": "", "indent": 0, "version": 1, "children": [{"mode": "normal", "text": "Lorem ipsum dolor sit amet, consetetur sadipscing elitr, sed diam nonumy eirmod tempor invidunt ut labore et dolore magna aliquyam erat, sed diam voluptua. At vero eos et accusam et justo duo dolores et ea rebum. Stet clita kasd gubergren, no sea takimata sanctus est Lorem ipsum dolor sit amet. Lorem ipsum dolor sit amet, consetetur sadipscing elitr, sed diam nonumy eirmod tempor invidunt ut labore et dolore magna aliquyam erat, sed diam voluptua. At vero eos et accusam et justo duo dolores et ea rebum. Stet clita kasd gubergren, no sea takimata sanctus est Lorem ipsum dolor sit amet.", "type": "text", "style": "", "detail": 0, "format": 0, "version": 1}], "direction": null, "textStyle": "", "textFormat": 0}], "direction": null}}	\N	\N	\N	2025-10-13 14:45:09.988+00	this-is-my-first-post	f	2025-10-15 08:03:53.179+00	2025-10-15 08:04:01.842+00	draft	2025-10-15 08:04:01.844+00	2025-10-15 08:04:01.844+00	f	f
ea03c995-97b0-4273-adff-b4e39c043ef3	387d2a76-420f-46b1-ac36-d80e4aad6e36	This is my fifth post	3eed0c6a-476a-4fdc-84b0-6a9dd19c4e73	Lorem ipsum dolor sit amet, consetetur sadipscing elitr, sed diam nonumy eirmod tempor invidunt ut labore et dolore magna aliquyam erat, sed diam voluptua. At vero eos et accusam et justo duo dolores et ea rebum.	{"root": {"type": "root", "format": "", "indent": 0, "version": 1, "children": [{"type": "paragraph", "format": "", "indent": 0, "version": 1, "children": [{"mode": "normal", "text": "Lorem ipsum dolor sit amet, consetetur sadipscing elitr, sed diam nonumy eirmod tempor invidunt ut labore et dolore magna aliquyam erat, sed diam voluptua. At vero eos et accusam et justo duo dolores et ea rebum. Stet clita kasd gubergren, no sea takimata sanctus est Lorem ipsum dolor sit amet. Lorem ipsum dolor sit amet, consetetur sadipscing elitr, sed diam nonumy eirmod tempor invidunt ut labore et dolore magna aliquyam erat, sed diam voluptua. At vero eos et accusam et justo duo dolores et ea rebum. Stet clita kasd gubergren, no sea takimata sanctus est Lorem ipsum dolor sit amet.", "type": "text", "style": "", "detail": 0, "format": 0, "version": 1}], "direction": null, "textStyle": "", "textFormat": 0}, {"tag": "h2", "type": "heading", "format": "", "indent": 0, "version": 1, "children": [{"mode": "normal", "text": "here comes a heading", "type": "text", "style": "", "detail": 0, "format": 0, "version": 1}], "direction": null}, {"type": "paragraph", "format": "", "indent": 0, "version": 1, "children": [{"mode": "normal", "text": "and more content followed by an image:", "type": "text", "style": "", "detail": 0, "format": 0, "version": 1}], "direction": null, "textStyle": "", "textFormat": 0}, {"type": "block", "fields": {"id": "68ef5462e633ed551dc66b7e", "media": "e432ef61-83fc-42e8-9ea3-69a9f9e66a74", "blockName": "", "blockType": "mediaBlock"}, "format": "", "version": 2}, {"type": "paragraph", "format": "", "indent": 0, "version": 1, "children": [{"mode": "normal", "text": "Lorem ipsum dolor sit amet, consetetur sadipscing elitr, sed diam nonumy eirmod tempor invidunt ut labore et dolore magna aliquyam erat, sed diam voluptua. At vero eos et accusam et justo duo dolores et ea rebum. Stet clita kasd gubergren, no sea takimata sanctus est Lorem ipsum dolor sit amet. Lorem ipsum dolor sit amet, consetetur sadipscing elitr, sed diam nonumy eirmod tempor invidunt ut labore et dolore magna aliquyam erat, sed diam voluptua. At vero eos et accusam et justo duo dolores et ea rebum. Stet clita kasd gubergren, no sea takimata sanctus est Lorem ipsum dolor sit amet.", "type": "text", "style": "", "detail": 0, "format": 0, "version": 1}], "direction": null, "textStyle": "", "textFormat": 0}, {"type": "block", "fields": {"id": "68f63a116b985c7d01c0815d", "images": [{"id": "68fbade67b1afde1b3e0b997", "media": "3c32d8f7-b5ad-4893-97c4-0506c398dee8"}, {"id": "68f63a138a18cc90ca5961a5", "media": "e432ef61-83fc-42e8-9ea3-69a9f9e66a74"}, {"id": "68fbaf44437af004b8c51ef8", "media": "2dc484cd-c7e8-49c4-af02-8946bac1bdf6"}, {"id": "68f63a1e8a18cc90ca5961a7", "media": "3eed0c6a-476a-4fdc-84b0-6a9dd19c4e73"}, {"id": "68f63a388a18cc90ca5961a9", "media": "f4253fb9-a457-42ff-8ea8-7b60c4ef5631"}], "blockType": "galleryBlock"}, "format": "", "version": 2}, {"type": "paragraph", "format": "", "indent": 0, "version": 1, "children": [], "direction": null, "textStyle": "", "textFormat": 0}], "direction": null}}	This is my fifth post	e432ef61-83fc-42e8-9ea3-69a9f9e66a74	lalalalala	2025-10-13 14:45:09.988+00	this-is-my-first-post	f	2025-12-01 09:46:48.313+00	2025-10-15 08:04:37.707+00	published	2025-12-01 09:46:48.314+00	2025-12-01 09:46:48.314+00	t	f
21c4c505-98f5-4133-ad3d-8f1e0e1029a0	387d2a76-420f-46b1-ac36-d80e4aad6e36	This is my fifth post	e432ef61-83fc-42e8-9ea3-69a9f9e66a74	Lorem ipsum dolor sit amet, consetetur sadipscing elitr, sed diam nonumy eirmod tempor invidunt ut labore et dolore magna aliquyam erat, sed diam voluptua. At vero eos et accusam et justo duo dolores et ea rebum.	{"root": {"type": "root", "format": "", "indent": 0, "version": 1, "children": [{"type": "paragraph", "format": "", "indent": 0, "version": 1, "children": [{"mode": "normal", "text": "Lorem ipsum dolor sit amet, consetetur sadipscing elitr, sed diam nonumy eirmod tempor invidunt ut labore et dolore magna aliquyam erat, sed diam voluptua. At vero eos et accusam et justo duo dolores et ea rebum. Stet clita kasd gubergren, no sea takimata sanctus est Lorem ipsum dolor sit amet. Lorem ipsum dolor sit amet, consetetur sadipscing elitr, sed diam nonumy eirmod tempor invidunt ut labore et dolore magna aliquyam erat, sed diam voluptua. At vero eos et accusam et justo duo dolores et ea rebum. Stet clita kasd gubergren, no sea takimata sanctus est Lorem ipsum dolor sit amet.", "type": "text", "style": "", "detail": 0, "format": 0, "version": 1}], "direction": null, "textStyle": "", "textFormat": 0}, {"tag": "h2", "type": "heading", "format": "", "indent": 0, "version": 1, "children": [{"mode": "normal", "text": "here comes a heading", "type": "text", "style": "", "detail": 0, "format": 0, "version": 1}], "direction": null}, {"type": "paragraph", "format": "", "indent": 0, "version": 1, "children": [{"mode": "normal", "text": "and more content followed by an image:", "type": "text", "style": "", "detail": 0, "format": 0, "version": 1}], "direction": null, "textStyle": "", "textFormat": 0}, {"type": "block", "fields": {"id": "68ef5462e633ed551dc66b7e", "media": "e432ef61-83fc-42e8-9ea3-69a9f9e66a74", "blockName": "", "blockType": "mediaBlock"}, "format": "", "version": 2}, {"type": "paragraph", "format": "", "indent": 0, "version": 1, "children": [{"mode": "normal", "text": "Lorem ipsum dolor sit amet, consetetur sadipscing elitr, sed diam nonumy eirmod tempor invidunt ut labore et dolore magna aliquyam erat, sed diam voluptua. At vero eos et accusam et justo duo dolores et ea rebum. Stet clita kasd gubergren, no sea takimata sanctus est Lorem ipsum dolor sit amet. Lorem ipsum dolor sit amet, consetetur sadipscing elitr, sed diam nonumy eirmod tempor invidunt ut labore et dolore magna aliquyam erat, sed diam voluptua. At vero eos et accusam et justo duo dolores et ea rebum. Stet clita kasd gubergren, no sea takimata sanctus est Lorem ipsum dolor sit amet.", "type": "text", "style": "", "detail": 0, "format": 0, "version": 1}], "direction": null, "textStyle": "", "textFormat": 0}, {"type": "block", "fields": {"id": "68f63a116b985c7d01c0815d", "images": [{"id": "68f63a138a18cc90ca5961a5", "media": "e432ef61-83fc-42e8-9ea3-69a9f9e66a74"}, {"id": "68f63a1e8a18cc90ca5961a7", "media": "3eed0c6a-476a-4fdc-84b0-6a9dd19c4e73"}, {"id": "68f63a388a18cc90ca5961a9", "media": "f4253fb9-a457-42ff-8ea8-7b60c4ef5631"}], "blockName": "", "blockType": "galleryBlock"}, "format": "", "version": 2}, {"type": "paragraph", "format": "", "indent": 0, "version": 1, "children": [], "direction": null, "textStyle": "", "textFormat": 0}], "direction": null}}	This is my fifth post	e432ef61-83fc-42e8-9ea3-69a9f9e66a74	lalalalala	2025-10-13 14:45:09.988+00	this-is-my-first-post	f	2025-10-20 13:34:17.001+00	2025-10-15 08:04:37.707+00	draft	2025-10-20 13:32:59.218+00	2025-10-20 13:34:17.001+00	f	t
95af8481-2f28-4522-80b6-e8d2718443c2	387d2a76-420f-46b1-ac36-d80e4aad6e36	This is my fifth post	e432ef61-83fc-42e8-9ea3-69a9f9e66a74	Lorem ipsum dolor sit amet, consetetur sadipscing elitr, sed diam nonumy eirmod tempor invidunt ut labore et dolore magna aliquyam erat, sed diam voluptua. At vero eos et accusam et justo duo dolores et ea rebum.	{"root": {"type": "root", "format": "", "indent": 0, "version": 1, "children": [{"type": "paragraph", "format": "", "indent": 0, "version": 1, "children": [{"mode": "normal", "text": "Lorem ipsum dolor sit amet, consetetur sadipscing elitr, sed diam nonumy eirmod tempor invidunt ut labore et dolore magna aliquyam erat, sed diam voluptua. At vero eos et accusam et justo duo dolores et ea rebum. Stet clita kasd gubergren, no sea takimata sanctus est Lorem ipsum dolor sit amet. Lorem ipsum dolor sit amet, consetetur sadipscing elitr, sed diam nonumy eirmod tempor invidunt ut labore et dolore magna aliquyam erat, sed diam voluptua. At vero eos et accusam et justo duo dolores et ea rebum. Stet clita kasd gubergren, no sea takimata sanctus est Lorem ipsum dolor sit amet.", "type": "text", "style": "", "detail": 0, "format": 0, "version": 1}], "direction": null, "textStyle": "", "textFormat": 0}, {"tag": "h2", "type": "heading", "format": "", "indent": 0, "version": 1, "children": [{"mode": "normal", "text": "here comes a heading", "type": "text", "style": "", "detail": 0, "format": 0, "version": 1}], "direction": null}, {"type": "paragraph", "format": "", "indent": 0, "version": 1, "children": [{"mode": "normal", "text": "and more content followed by an image:", "type": "text", "style": "", "detail": 0, "format": 0, "version": 1}], "direction": null, "textStyle": "", "textFormat": 0}, {"type": "block", "fields": {"id": "68ef5462e633ed551dc66b7e", "media": "e432ef61-83fc-42e8-9ea3-69a9f9e66a74", "blockName": "", "blockType": "mediaBlock"}, "format": "", "version": 2}, {"type": "paragraph", "format": "", "indent": 0, "version": 1, "children": [{"mode": "normal", "text": "Lorem ipsum dolor sit amet, consetetur sadipscing elitr, sed diam nonumy eirmod tempor invidunt ut labore et dolore magna aliquyam erat, sed diam voluptua. At vero eos et accusam et justo duo dolores et ea rebum. Stet clita kasd gubergren, no sea takimata sanctus est Lorem ipsum dolor sit amet. Lorem ipsum dolor sit amet, consetetur sadipscing elitr, sed diam nonumy eirmod tempor invidunt ut labore et dolore magna aliquyam erat, sed diam voluptua. At vero eos et accusam et justo duo dolores et ea rebum. Stet clita kasd gubergren, no sea takimata sanctus est Lorem ipsum dolor sit amet.", "type": "text", "style": "", "detail": 0, "format": 0, "version": 1}], "direction": null, "textStyle": "", "textFormat": 0}, {"type": "block", "fields": {"id": "68f63a116b985c7d01c0815d", "images": [{"id": "68f63a138a18cc90ca5961a5", "media": "e432ef61-83fc-42e8-9ea3-69a9f9e66a74"}, {"id": "68f63a1e8a18cc90ca5961a7", "media": "3eed0c6a-476a-4fdc-84b0-6a9dd19c4e73"}, {"id": "68f63a388a18cc90ca5961a9", "media": "f4253fb9-a457-42ff-8ea8-7b60c4ef5631"}, {"id": "68fbade67b1afde1b3e0b997", "media": "3c32d8f7-b5ad-4893-97c4-0506c398dee8"}, {"id": "68fbaf44437af004b8c51ef8", "media": "2dc484cd-c7e8-49c4-af02-8946bac1bdf6"}], "blockName": "", "blockType": "galleryBlock"}, "format": "", "version": 2}, {"type": "paragraph", "format": "", "indent": 0, "version": 1, "children": [], "direction": null, "textStyle": "", "textFormat": 0}], "direction": null}}	This is my fifth post	e432ef61-83fc-42e8-9ea3-69a9f9e66a74	lalalalala	2025-10-13 14:45:09.988+00	this-is-my-first-post	f	2025-10-24 16:54:36.332+00	2025-10-15 08:04:37.707+00	published	2025-10-24 16:54:36.334+00	2025-10-24 16:54:36.334+00	f	f
f682ea38-0dd7-4fd9-8378-3888363017c6	387d2a76-420f-46b1-ac36-d80e4aad6e36	This is my fifth post	e432ef61-83fc-42e8-9ea3-69a9f9e66a74	Lorem ipsum dolor sit amet, consetetur sadipscing elitr, sed diam nonumy eirmod tempor invidunt ut labore et dolore magna aliquyam erat, sed diam voluptua. At vero eos et accusam et justo duo dolores et ea rebum.	{"root": {"type": "root", "format": "", "indent": 0, "version": 1, "children": [{"type": "paragraph", "format": "", "indent": 0, "version": 1, "children": [{"mode": "normal", "text": "Lorem ipsum dolor sit amet, consetetur sadipscing elitr, sed diam nonumy eirmod tempor invidunt ut labore et dolore magna aliquyam erat, sed diam voluptua. At vero eos et accusam et justo duo dolores et ea rebum. Stet clita kasd gubergren, no sea takimata sanctus est Lorem ipsum dolor sit amet. Lorem ipsum dolor sit amet, consetetur sadipscing elitr, sed diam nonumy eirmod tempor invidunt ut labore et dolore magna aliquyam erat, sed diam voluptua. At vero eos et accusam et justo duo dolores et ea rebum. Stet clita kasd gubergren, no sea takimata sanctus est Lorem ipsum dolor sit amet.", "type": "text", "style": "", "detail": 0, "format": 0, "version": 1}], "direction": null, "textStyle": "", "textFormat": 0}, {"type": "block", "fields": {"id": "68ef5462e633ed551dc66b7e", "media": "e432ef61-83fc-42e8-9ea3-69a9f9e66a74", "blockName": "", "blockType": "mediaBlock"}, "format": "", "version": 2}, {"type": "paragraph", "format": "", "indent": 0, "version": 1, "children": [{"mode": "normal", "text": "Lorem ipsum dolor sit amet, consetetur sadipscing elitr, sed diam nonumy eirmod tempor invidunt ut labore et dolore magna aliquyam erat, sed diam voluptua. At vero eos et accusam et justo duo dolores et ea rebum. Stet clita kasd gubergren, no sea takimata sanctus est Lorem ipsum dolor sit amet. Lorem ipsum dolor sit amet, consetetur sadipscing elitr, sed diam nonumy eirmod tempor invidunt ut labore et dolore magna aliquyam erat, sed diam voluptua. At vero eos et accusam et justo duo dolores et ea rebum. Stet clita kasd gubergren, no sea takimata sanctus est Lorem ipsum dolor sit amet.", "type": "text", "style": "", "detail": 0, "format": 0, "version": 1}], "direction": null, "textStyle": "", "textFormat": 0}], "direction": null}}	This is my fifth post	e432ef61-83fc-42e8-9ea3-69a9f9e66a74	lalalalala	2025-10-13 14:45:09.988+00	this-is-my-first-post	f	2025-10-16 08:24:45.082+00	2025-10-15 08:04:37.707+00	draft	2025-10-16 08:24:44.672+00	2025-10-16 08:24:45.082+00	f	t
dfe6496b-9406-4edd-b720-87da29a225b8	387d2a76-420f-46b1-ac36-d80e4aad6e36	This is my fourth post	e432ef61-83fc-42e8-9ea3-69a9f9e66a74	Lorem ipsum dolor sit amet, consetetur sadipscing elitr, sed diam nonumy eirmod tempor invidunt ut labore et dolore magna aliquyam erat, sed diam voluptua. At vero eos et accusam et justo duo dolores et ea rebum.	{"root": {"type": "root", "format": "", "indent": 0, "version": 1, "children": [{"type": "paragraph", "format": "", "indent": 0, "version": 1, "children": [{"mode": "normal", "text": "Lorem ipsum dolor sit amet, consetetur sadipscing elitr, sed diam nonumy eirmod tempor invidunt ut labore et dolore magna aliquyam erat, sed diam voluptua. At vero eos et accusam et justo duo dolores et ea rebum. Stet clita kasd gubergren, no sea takimata sanctus est Lorem ipsum dolor sit amet. Lorem ipsum dolor sit amet, consetetur sadipscing elitr, sed diam nonumy eirmod tempor invidunt ut labore et dolore magna aliquyam erat, sed diam voluptua. At vero eos et accusam et justo duo dolores et ea rebum. Stet clita kasd gubergren, no sea takimata sanctus est Lorem ipsum dolor sit amet.", "type": "text", "style": "", "detail": 0, "format": 0, "version": 1}], "direction": null, "textStyle": "", "textFormat": 0}, {"type": "block", "fields": {"id": "68ef5462e633ed551dc66b7e", "media": "e432ef61-83fc-42e8-9ea3-69a9f9e66a74", "blockName": "", "blockType": "mediaBlock"}, "format": "", "version": 2}, {"type": "paragraph", "format": "", "indent": 0, "version": 1, "children": [{"mode": "normal", "text": "Lorem ipsum dolor sit amet, consetetur sadipscing elitr, sed diam nonumy eirmod tempor invidunt ut labore et dolore magna aliquyam erat, sed diam voluptua. At vero eos et accusam et justo duo dolores et ea rebum. Stet clita kasd gubergren, no sea takimata sanctus est Lorem ipsum dolor sit amet. Lorem ipsum dolor sit amet, consetetur sadipscing elitr, sed diam nonumy eirmod tempor invidunt ut labore et dolore magna aliquyam erat, sed diam voluptua. At vero eos et accusam et justo duo dolores et ea rebum. Stet clita kasd gubergren, no sea takimata sanctus est Lorem ipsum dolor sit amet.", "type": "text", "style": "", "detail": 0, "format": 0, "version": 1}], "direction": null, "textStyle": "", "textFormat": 0}], "direction": null}}	\N	\N	\N	2025-10-13 14:45:09.988+00	this-is-my-first-post	f	2025-10-15 08:04:06.747+00	2025-10-15 08:04:37.707+00	draft	2025-10-15 08:04:37.709+00	2025-10-15 08:04:37.709+00	f	f
6820e100-333f-4d4b-9e09-3cc37dbd674d	387d2a76-420f-46b1-ac36-d80e4aad6e36	This is my fifth post	e432ef61-83fc-42e8-9ea3-69a9f9e66a74	Lorem ipsum dolor sit amet, consetetur sadipscing elitr, sed diam nonumy eirmod tempor invidunt ut labore et dolore magna aliquyam erat, sed diam voluptua. At vero eos et accusam et justo duo dolores et ea rebum.	{"root": {"type": "root", "format": "", "indent": 0, "version": 1, "children": [{"type": "paragraph", "format": "", "indent": 0, "version": 1, "children": [{"mode": "normal", "text": "Lorem ipsum dolor sit amet, consetetur sadipscing elitr, sed diam nonumy eirmod tempor invidunt ut labore et dolore magna aliquyam erat, sed diam voluptua. At vero eos et accusam et justo duo dolores et ea rebum. Stet clita kasd gubergren, no sea takimata sanctus est Lorem ipsum dolor sit amet. Lorem ipsum dolor sit amet, consetetur sadipscing elitr, sed diam nonumy eirmod tempor invidunt ut labore et dolore magna aliquyam erat, sed diam voluptua. At vero eos et accusam et justo duo dolores et ea rebum. Stet clita kasd gubergren, no sea takimata sanctus est Lorem ipsum dolor sit amet.", "type": "text", "style": "", "detail": 0, "format": 0, "version": 1}], "direction": null, "textStyle": "", "textFormat": 0}, {"type": "block", "fields": {"id": "68ef5462e633ed551dc66b7e", "media": "e432ef61-83fc-42e8-9ea3-69a9f9e66a74", "blockName": "", "blockType": "mediaBlock"}, "format": "", "version": 2}, {"type": "paragraph", "format": "", "indent": 0, "version": 1, "children": [{"mode": "normal", "text": "Lorem ipsum dolor sit amet, consetetur sadipscing elitr, sed diam nonumy eirmod tempor invidunt ut labore et dolore magna aliquyam erat, sed diam voluptua. At vero eos et accusam et justo duo dolores et ea rebum. Stet clita kasd gubergren, no sea takimata sanctus est Lorem ipsum dolor sit amet. Lorem ipsum dolor sit amet, consetetur sadipscing elitr, sed diam nonumy eirmod tempor invidunt ut labore et dolore magna aliquyam erat, sed diam voluptua. At vero eos et accusam et justo duo dolores et ea rebum. Stet clita kasd gubergren, no sea takimata sanctus est Lorem ipsum dolor sit amet.", "type": "text", "style": "", "detail": 0, "format": 0, "version": 1}], "direction": null, "textStyle": "", "textFormat": 0}], "direction": null}}	\N	\N	\N	2025-10-13 14:45:09.988+00	this-is-my-first-post	f	2025-10-15 08:04:41.193+00	2025-10-15 08:04:37.707+00	draft	2025-10-15 08:04:40.368+00	2025-10-15 08:04:41.193+00	f	t
8e0797a6-80f4-485a-beac-679489637a5d	387d2a76-420f-46b1-ac36-d80e4aad6e36	This is my fifth post	e432ef61-83fc-42e8-9ea3-69a9f9e66a74	Lorem ipsum dolor sit amet, consetetur sadipscing elitr, sed diam nonumy eirmod tempor invidunt ut labore et dolore magna aliquyam erat, sed diam voluptua. At vero eos et accusam et justo duo dolores et ea rebum.	{"root": {"type": "root", "format": "", "indent": 0, "version": 1, "children": [{"type": "paragraph", "format": "", "indent": 0, "version": 1, "children": [{"mode": "normal", "text": "Lorem ipsum dolor sit amet, consetetur sadipscing elitr, sed diam nonumy eirmod tempor invidunt ut labore et dolore magna aliquyam erat, sed diam voluptua. At vero eos et accusam et justo duo dolores et ea rebum. Stet clita kasd gubergren, no sea takimata sanctus est Lorem ipsum dolor sit amet. Lorem ipsum dolor sit amet, consetetur sadipscing elitr, sed diam nonumy eirmod tempor invidunt ut labore et dolore magna aliquyam erat, sed diam voluptua. At vero eos et accusam et justo duo dolores et ea rebum. Stet clita kasd gubergren, no sea takimata sanctus est Lorem ipsum dolor sit amet.", "type": "text", "style": "", "detail": 0, "format": 0, "version": 1}], "direction": null, "textStyle": "", "textFormat": 0}, {"type": "block", "fields": {"id": "68ef5462e633ed551dc66b7e", "media": "e432ef61-83fc-42e8-9ea3-69a9f9e66a74", "blockName": "", "blockType": "mediaBlock"}, "format": "", "version": 2}, {"type": "paragraph", "format": "", "indent": 0, "version": 1, "children": [{"mode": "normal", "text": "Lorem ipsum dolor sit amet, consetetur sadipscing elitr, sed diam nonumy eirmod tempor invidunt ut labore et dolore magna aliquyam erat, sed diam voluptua. At vero eos et accusam et justo duo dolores et ea rebum. Stet clita kasd gubergren, no sea takimata sanctus est Lorem ipsum dolor sit amet. Lorem ipsum dolor sit amet, consetetur sadipscing elitr, sed diam nonumy eirmod tempor invidunt ut labore et dolore magna aliquyam erat, sed diam voluptua. At vero eos et accusam et justo duo dolores et ea rebum. Stet clita kasd gubergren, no sea takimata sanctus est Lorem ipsum dolor sit amet.", "type": "text", "style": "", "detail": 0, "format": 0, "version": 1}], "direction": null, "textStyle": "", "textFormat": 0}], "direction": null}}	This is my fifth post | musings from munich	e432ef61-83fc-42e8-9ea3-69a9f9e66a74	lalalalal	2025-10-13 14:45:09.988+00	this-is-my-first-post	f	2025-10-15 09:14:40.677+00	2025-10-15 08:04:37.707+00	draft	2025-10-15 09:14:17.82+00	2025-10-15 09:14:40.677+00	f	t
82c953ce-816f-4654-ae06-8b0115165128	387d2a76-420f-46b1-ac36-d80e4aad6e36	This is my fifth post	e432ef61-83fc-42e8-9ea3-69a9f9e66a74	Lorem ipsum dolor sit amet, consetetur sadipscing elitr, sed diam nonumy eirmod tempor invidunt ut labore et dolore magna aliquyam erat, sed diam voluptua. At vero eos et accusam et justo duo dolores et ea rebum.	{"root": {"type": "root", "format": "", "indent": 0, "version": 1, "children": [{"type": "paragraph", "format": "", "indent": 0, "version": 1, "children": [{"mode": "normal", "text": "Lorem ipsum dolor sit amet, consetetur sadipscing elitr, sed diam nonumy eirmod tempor invidunt ut labore et dolore magna aliquyam erat, sed diam voluptua. At vero eos et accusam et justo duo dolores et ea rebum. Stet clita kasd gubergren, no sea takimata sanctus est Lorem ipsum dolor sit amet. Lorem ipsum dolor sit amet, consetetur sadipscing elitr, sed diam nonumy eirmod tempor invidunt ut labore et dolore magna aliquyam erat, sed diam voluptua. At vero eos et accusam et justo duo dolores et ea rebum. Stet clita kasd gubergren, no sea takimata sanctus est Lorem ipsum dolor sit amet.", "type": "text", "style": "", "detail": 0, "format": 0, "version": 1}], "direction": null, "textStyle": "", "textFormat": 0}, {"tag": "h2", "type": "heading", "format": "", "indent": 0, "version": 1, "children": [{"mode": "normal", "text": "here comes a heading", "type": "text", "style": "", "detail": 0, "format": 0, "version": 1}], "direction": null}, {"type": "paragraph", "format": "", "indent": 0, "version": 1, "children": [{"mode": "normal", "text": "and more content followed by an image:", "type": "text", "style": "", "detail": 0, "format": 0, "version": 1}], "direction": null, "textStyle": "", "textFormat": 0}, {"type": "block", "fields": {"id": "68ef5462e633ed551dc66b7e", "media": "e432ef61-83fc-42e8-9ea3-69a9f9e66a74", "blockName": "", "blockType": "mediaBlock"}, "format": "", "version": 2}, {"type": "paragraph", "format": "", "indent": 0, "version": 1, "children": [{"mode": "normal", "text": "Lorem ipsum dolor sit amet, consetetur sadipscing elitr, sed diam nonumy eirmod tempor invidunt ut labore et dolore magna aliquyam erat, sed diam voluptua. At vero eos et accusam et justo duo dolores et ea rebum. Stet clita kasd gubergren, no sea takimata sanctus est Lorem ipsum dolor sit amet. Lorem ipsum dolor sit amet, consetetur sadipscing elitr, sed diam nonumy eirmod tempor invidunt ut labore et dolore magna aliquyam erat, sed diam voluptua. At vero eos et accusam et justo duo dolores et ea rebum. Stet clita kasd gubergren, no sea takimata sanctus est Lorem ipsum dolor sit amet.", "type": "text", "style": "", "detail": 0, "format": 0, "version": 1}], "direction": null, "textStyle": "", "textFormat": 0}], "direction": null}}	This is my fifth post	e432ef61-83fc-42e8-9ea3-69a9f9e66a74	lalalalala	2025-10-13 14:45:09.988+00	this-is-my-first-post	f	2025-10-16 08:49:47.015+00	2025-10-15 08:04:37.707+00	published	2025-10-16 08:49:47.016+00	2025-10-16 08:49:47.016+00	f	f
2fb7bf18-7fc5-4b96-b0d8-17d861d6289c	387d2a76-420f-46b1-ac36-d80e4aad6e36	This is my fifth post	3eed0c6a-476a-4fdc-84b0-6a9dd19c4e73	Lorem ipsum dolor sit amet, consetetur sadipscing elitr, sed diam nonumy eirmod tempor invidunt ut labore et dolore magna aliquyam erat, sed diam voluptua. At vero eos et accusam et justo duo dolores et ea rebum.	{"root": {"type": "root", "format": "", "indent": 0, "version": 1, "children": [{"type": "paragraph", "format": "", "indent": 0, "version": 1, "children": [{"mode": "normal", "text": "Lorem ipsum dolor sit amet, consetetur sadipscing elitr, sed diam nonumy eirmod tempor invidunt ut labore et dolore magna aliquyam erat, sed diam voluptua. At vero eos et accusam et justo duo dolores et ea rebum. Stet clita kasd gubergren, no sea takimata sanctus est Lorem ipsum dolor sit amet. Lorem ipsum dolor sit amet, consetetur sadipscing elitr, sed diam nonumy eirmod tempor invidunt ut labore et dolore magna aliquyam erat, sed diam voluptua. At vero eos et accusam et justo duo dolores et ea rebum. Stet clita kasd gubergren, no sea takimata sanctus est Lorem ipsum dolor sit amet.", "type": "text", "style": "", "detail": 0, "format": 0, "version": 1}], "direction": null, "textStyle": "", "textFormat": 0}, {"tag": "h2", "type": "heading", "format": "", "indent": 0, "version": 1, "children": [{"mode": "normal", "text": "here comes a heading", "type": "text", "style": "", "detail": 0, "format": 0, "version": 1}], "direction": null}, {"type": "paragraph", "format": "", "indent": 0, "version": 1, "children": [{"mode": "normal", "text": "and more content followed by an image:", "type": "text", "style": "", "detail": 0, "format": 0, "version": 1}], "direction": null, "textStyle": "", "textFormat": 0}, {"type": "block", "fields": {"id": "68ef5462e633ed551dc66b7e", "media": "e432ef61-83fc-42e8-9ea3-69a9f9e66a74", "blockName": "", "blockType": "mediaBlock"}, "format": "", "version": 2}, {"type": "paragraph", "format": "", "indent": 0, "version": 1, "children": [{"mode": "normal", "text": "Lorem ipsum dolor sit amet, consetetur sadipscing elitr, sed diam nonumy eirmod tempor invidunt ut labore et dolore magna aliquyam erat, sed diam voluptua. At vero eos et accusam et justo duo dolores et ea rebum. Stet clita kasd gubergren, no sea takimata sanctus est Lorem ipsum dolor sit amet. Lorem ipsum dolor sit amet, consetetur sadipscing elitr, sed diam nonumy eirmod tempor invidunt ut labore et dolore magna aliquyam erat, sed diam voluptua. At vero eos et accusam et justo duo dolores et ea rebum. Stet clita kasd gubergren, no sea takimata sanctus est Lorem ipsum dolor sit amet.", "type": "text", "style": "", "detail": 0, "format": 0, "version": 1}], "direction": null, "textStyle": "", "textFormat": 0}, {"type": "block", "fields": {"id": "68f63a116b985c7d01c0815d", "images": [{"id": "68fbade67b1afde1b3e0b997", "media": "3c32d8f7-b5ad-4893-97c4-0506c398dee8"}, {"id": "68f63a138a18cc90ca5961a5", "media": "e432ef61-83fc-42e8-9ea3-69a9f9e66a74"}, {"id": "68fbaf44437af004b8c51ef8", "media": "2dc484cd-c7e8-49c4-af02-8946bac1bdf6"}, {"id": "68f63a1e8a18cc90ca5961a7", "media": "3eed0c6a-476a-4fdc-84b0-6a9dd19c4e73"}, {"id": "68f63a388a18cc90ca5961a9", "media": "f4253fb9-a457-42ff-8ea8-7b60c4ef5631"}], "blockType": "galleryBlock"}, "format": "", "version": 2}, {"type": "paragraph", "format": "", "indent": 0, "version": 1, "children": [], "direction": null, "textStyle": "", "textFormat": 0}], "direction": null}}	This is my fifth post	e432ef61-83fc-42e8-9ea3-69a9f9e66a74	lalalalala	2025-10-13 14:45:09.988+00	this-is-my-first-post	f	2025-12-01 09:46:46.925+00	2025-10-15 08:04:37.707+00	draft	2025-12-01 09:46:43.689+00	2025-12-01 09:46:46.925+00	f	t
f261f3c4-418c-4b10-8d5a-c4edbd1c00ec	387d2a76-420f-46b1-ac36-d80e4aad6e36	This is my fifth post	e432ef61-83fc-42e8-9ea3-69a9f9e66a74	Lorem ipsum dolor sit amet, consetetur sadipscing elitr, sed diam nonumy eirmod tempor invidunt ut labore et dolore magna aliquyam erat, sed diam voluptua. At vero eos et accusam et justo duo dolores et ea rebum.	{"root": {"type": "root", "format": "", "indent": 0, "version": 1, "children": [{"type": "paragraph", "format": "", "indent": 0, "version": 1, "children": [{"mode": "normal", "text": "Lorem ipsum dolor sit amet, consetetur sadipscing elitr, sed diam nonumy eirmod tempor invidunt ut labore et dolore magna aliquyam erat, sed diam voluptua. At vero eos et accusam et justo duo dolores et ea rebum. Stet clita kasd gubergren, no sea takimata sanctus est Lorem ipsum dolor sit amet. Lorem ipsum dolor sit amet, consetetur sadipscing elitr, sed diam nonumy eirmod tempor invidunt ut labore et dolore magna aliquyam erat, sed diam voluptua. At vero eos et accusam et justo duo dolores et ea rebum. Stet clita kasd gubergren, no sea takimata sanctus est Lorem ipsum dolor sit amet.", "type": "text", "style": "", "detail": 0, "format": 0, "version": 1}], "direction": null, "textStyle": "", "textFormat": 0}, {"type": "block", "fields": {"id": "68ef5462e633ed551dc66b7e", "media": "e432ef61-83fc-42e8-9ea3-69a9f9e66a74", "blockName": "", "blockType": "mediaBlock"}, "format": "", "version": 2}, {"type": "paragraph", "format": "", "indent": 0, "version": 1, "children": [{"mode": "normal", "text": "Lorem ipsum dolor sit amet, consetetur sadipscing elitr, sed diam nonumy eirmod tempor invidunt ut labore et dolore magna aliquyam erat, sed diam voluptua. At vero eos et accusam et justo duo dolores et ea rebum. Stet clita kasd gubergren, no sea takimata sanctus est Lorem ipsum dolor sit amet. Lorem ipsum dolor sit amet, consetetur sadipscing elitr, sed diam nonumy eirmod tempor invidunt ut labore et dolore magna aliquyam erat, sed diam voluptua. At vero eos et accusam et justo duo dolores et ea rebum. Stet clita kasd gubergren, no sea takimata sanctus est Lorem ipsum dolor sit amet.", "type": "text", "style": "", "detail": 0, "format": 0, "version": 1}], "direction": null, "textStyle": "", "textFormat": 0}], "direction": null}}	\N	\N	\N	2025-10-13 14:45:09.988+00	this-is-my-first-post	f	2025-10-15 08:04:43.427+00	2025-10-15 08:04:37.707+00	published	2025-10-15 08:04:43.427+00	2025-10-15 08:04:43.427+00	f	f
4809984f-37d1-472a-a4c3-9dd2a5860218	387d2a76-420f-46b1-ac36-d80e4aad6e36	This is my fifth post	e432ef61-83fc-42e8-9ea3-69a9f9e66a74	Lorem ipsum dolor sit amet, consetetur sadipscing elitr, sed diam nonumy eirmod tempor invidunt ut labore et dolore magna aliquyam erat, sed diam voluptua. At vero eos et accusam et justo duo dolores et ea rebum.	{"root": {"type": "root", "format": "", "indent": 0, "version": 1, "children": [{"type": "paragraph", "format": "", "indent": 0, "version": 1, "children": [{"mode": "normal", "text": "Lorem ipsum dolor sit amet, consetetur sadipscing elitr, sed diam nonumy eirmod tempor invidunt ut labore et dolore magna aliquyam erat, sed diam voluptua. At vero eos et accusam et justo duo dolores et ea rebum. Stet clita kasd gubergren, no sea takimata sanctus est Lorem ipsum dolor sit amet. Lorem ipsum dolor sit amet, consetetur sadipscing elitr, sed diam nonumy eirmod tempor invidunt ut labore et dolore magna aliquyam erat, sed diam voluptua. At vero eos et accusam et justo duo dolores et ea rebum. Stet clita kasd gubergren, no sea takimata sanctus est Lorem ipsum dolor sit amet.", "type": "text", "style": "", "detail": 0, "format": 0, "version": 1}], "direction": null, "textStyle": "", "textFormat": 0}, {"tag": "h2", "type": "heading", "format": "", "indent": 0, "version": 1, "children": [{"mode": "normal", "text": "here comes a heading", "type": "text", "style": "", "detail": 0, "format": 0, "version": 1}], "direction": null}, {"type": "paragraph", "format": "", "indent": 0, "version": 1, "children": [{"mode": "normal", "text": "and more content followed by an image:", "type": "text", "style": "", "detail": 0, "format": 0, "version": 1}], "direction": null, "textStyle": "", "textFormat": 0}, {"type": "block", "fields": {"id": "68ef5462e633ed551dc66b7e", "media": "e432ef61-83fc-42e8-9ea3-69a9f9e66a74", "blockName": "", "blockType": "mediaBlock"}, "format": "", "version": 2}, {"type": "paragraph", "format": "", "indent": 0, "version": 1, "children": [{"mode": "normal", "text": "Lorem ipsum dolor sit amet, consetetur sadipscing elitr, sed diam nonumy eirmod tempor invidunt ut labore et dolore magna aliquyam erat, sed diam voluptua. At vero eos et accusam et justo duo dolores et ea rebum. Stet clita kasd gubergren, no sea takimata sanctus est Lorem ipsum dolor sit amet. Lorem ipsum dolor sit amet, consetetur sadipscing elitr, sed diam nonumy eirmod tempor invidunt ut labore et dolore magna aliquyam erat, sed diam voluptua. At vero eos et accusam et justo duo dolores et ea rebum. Stet clita kasd gubergren, no sea takimata sanctus est Lorem ipsum dolor sit amet.", "type": "text", "style": "", "detail": 0, "format": 0, "version": 1}], "direction": null, "textStyle": "", "textFormat": 0}, {"type": "block", "fields": {"id": "68f63a116b985c7d01c0815d", "images": [{"id": "68f63a138a18cc90ca5961a5", "media": "e432ef61-83fc-42e8-9ea3-69a9f9e66a74"}, {"id": "68f63a1e8a18cc90ca5961a7", "media": "3eed0c6a-476a-4fdc-84b0-6a9dd19c4e73"}, {"id": "68f63a388a18cc90ca5961a9", "media": "f4253fb9-a457-42ff-8ea8-7b60c4ef5631"}], "blockName": "", "blockType": "galleryBlock"}, "format": "", "version": 2}, {"type": "paragraph", "format": "", "indent": 0, "version": 1, "children": [], "direction": null, "textStyle": "", "textFormat": 0}], "direction": null}}	This is my fifth post	e432ef61-83fc-42e8-9ea3-69a9f9e66a74	lalalalala	2025-10-13 14:45:09.988+00	this-is-my-first-post	f	2025-10-20 13:34:20.367+00	2025-10-15 08:04:37.707+00	published	2025-10-20 13:34:20.368+00	2025-10-20 13:34:20.368+00	f	f
8f72fc0a-db94-42e6-8901-e9d7e2571298	387d2a76-420f-46b1-ac36-d80e4aad6e36	This is my fifth post	e432ef61-83fc-42e8-9ea3-69a9f9e66a74	Lorem ipsum dolor sit amet, consetetur sadipscing elitr, sed diam nonumy eirmod tempor invidunt ut labore et dolore magna aliquyam erat, sed diam voluptua. At vero eos et accusam et justo duo dolores et ea rebum.	{"root": {"type": "root", "format": "", "indent": 0, "version": 1, "children": [{"type": "paragraph", "format": "", "indent": 0, "version": 1, "children": [{"mode": "normal", "text": "Lorem ipsum dolor sit amet, consetetur sadipscing elitr, sed diam nonumy eirmod tempor invidunt ut labore et dolore magna aliquyam erat, sed diam voluptua. At vero eos et accusam et justo duo dolores et ea rebum. Stet clita kasd gubergren, no sea takimata sanctus est Lorem ipsum dolor sit amet. Lorem ipsum dolor sit amet, consetetur sadipscing elitr, sed diam nonumy eirmod tempor invidunt ut labore et dolore magna aliquyam erat, sed diam voluptua. At vero eos et accusam et justo duo dolores et ea rebum. Stet clita kasd gubergren, no sea takimata sanctus est Lorem ipsum dolor sit amet.", "type": "text", "style": "", "detail": 0, "format": 0, "version": 1}], "direction": null, "textStyle": "", "textFormat": 0}, {"tag": "h2", "type": "heading", "format": "", "indent": 0, "version": 1, "children": [{"mode": "normal", "text": "here comes a heading", "type": "text", "style": "", "detail": 0, "format": 0, "version": 1}], "direction": null}, {"type": "paragraph", "format": "", "indent": 0, "version": 1, "children": [{"mode": "normal", "text": "and more content followed by an image:", "type": "text", "style": "", "detail": 0, "format": 0, "version": 1}], "direction": null, "textStyle": "", "textFormat": 0}, {"type": "block", "fields": {"id": "68ef5462e633ed551dc66b7e", "media": "e432ef61-83fc-42e8-9ea3-69a9f9e66a74", "blockName": "", "blockType": "mediaBlock"}, "format": "", "version": 2}, {"type": "paragraph", "format": "", "indent": 0, "version": 1, "children": [{"mode": "normal", "text": "Lorem ipsum dolor sit amet, consetetur sadipscing elitr, sed diam nonumy eirmod tempor invidunt ut labore et dolore magna aliquyam erat, sed diam voluptua. At vero eos et accusam et justo duo dolores et ea rebum. Stet clita kasd gubergren, no sea takimata sanctus est Lorem ipsum dolor sit amet. Lorem ipsum dolor sit amet, consetetur sadipscing elitr, sed diam nonumy eirmod tempor invidunt ut labore et dolore magna aliquyam erat, sed diam voluptua. At vero eos et accusam et justo duo dolores et ea rebum. Stet clita kasd gubergren, no sea takimata sanctus est Lorem ipsum dolor sit amet.", "type": "text", "style": "", "detail": 0, "format": 0, "version": 1}], "direction": null, "textStyle": "", "textFormat": 0}, {"type": "block", "fields": {"id": "68f63a116b985c7d01c0815d", "images": [{"id": "68f63a138a18cc90ca5961a5", "media": "e432ef61-83fc-42e8-9ea3-69a9f9e66a74"}, {"id": "68f63a1e8a18cc90ca5961a7", "media": "3eed0c6a-476a-4fdc-84b0-6a9dd19c4e73"}, {"id": "68f63a388a18cc90ca5961a9", "media": "f4253fb9-a457-42ff-8ea8-7b60c4ef5631"}, {"id": "68fbade67b1afde1b3e0b997", "media": "3c32d8f7-b5ad-4893-97c4-0506c398dee8"}, {"id": "68fbaf44437af004b8c51ef8", "media": "2dc484cd-c7e8-49c4-af02-8946bac1bdf6"}], "blockName": "", "blockType": "galleryBlock"}, "format": "", "version": 2}, {"type": "paragraph", "format": "", "indent": 0, "version": 1, "children": [], "direction": null, "textStyle": "", "textFormat": 0}], "direction": null}}	This is my fifth post	e432ef61-83fc-42e8-9ea3-69a9f9e66a74	lalalalala	2025-10-13 14:45:09.988+00	this-is-my-first-post	f	2025-10-24 16:54:32.524+00	2025-10-15 08:04:37.707+00	draft	2025-10-24 16:48:42.423+00	2025-10-24 16:54:32.524+00	f	t
8021c353-2227-4448-9633-8ddb3b03228f	387d2a76-420f-46b1-ac36-d80e4aad6e36	This is my fifth post	e432ef61-83fc-42e8-9ea3-69a9f9e66a74	Lorem ipsum dolor sit amet, consetetur sadipscing elitr, sed diam nonumy eirmod tempor invidunt ut labore et dolore magna aliquyam erat, sed diam voluptua. At vero eos et accusam et justo duo dolores et ea rebum.	{"root": {"type": "root", "format": "", "indent": 0, "version": 1, "children": [{"type": "paragraph", "format": "", "indent": 0, "version": 1, "children": [{"mode": "normal", "text": "Lorem ipsum dolor sit amet, consetetur sadipscing elitr, sed diam nonumy eirmod tempor invidunt ut labore et dolore magna aliquyam erat, sed diam voluptua. At vero eos et accusam et justo duo dolores et ea rebum. Stet clita kasd gubergren, no sea takimata sanctus est Lorem ipsum dolor sit amet. Lorem ipsum dolor sit amet, consetetur sadipscing elitr, sed diam nonumy eirmod tempor invidunt ut labore et dolore magna aliquyam erat, sed diam voluptua. At vero eos et accusam et justo duo dolores et ea rebum. Stet clita kasd gubergren, no sea takimata sanctus est Lorem ipsum dolor sit amet.", "type": "text", "style": "", "detail": 0, "format": 0, "version": 1}], "direction": null, "textStyle": "", "textFormat": 0}, {"tag": "h2", "type": "heading", "format": "", "indent": 0, "version": 1, "children": [{"mode": "normal", "text": "here comes a heading", "type": "text", "style": "", "detail": 0, "format": 0, "version": 1}], "direction": null}, {"type": "paragraph", "format": "", "indent": 0, "version": 1, "children": [{"mode": "normal", "text": "and more content followed by an image:", "type": "text", "style": "", "detail": 0, "format": 0, "version": 1}], "direction": null, "textStyle": "", "textFormat": 0}, {"type": "block", "fields": {"id": "68ef5462e633ed551dc66b7e", "media": "e432ef61-83fc-42e8-9ea3-69a9f9e66a74", "blockName": "", "blockType": "mediaBlock"}, "format": "", "version": 2}, {"type": "paragraph", "format": "", "indent": 0, "version": 1, "children": [{"mode": "normal", "text": "Lorem ipsum dolor sit amet, consetetur sadipscing elitr, sed diam nonumy eirmod tempor invidunt ut labore et dolore magna aliquyam erat, sed diam voluptua. At vero eos et accusam et justo duo dolores et ea rebum. Stet clita kasd gubergren, no sea takimata sanctus est Lorem ipsum dolor sit amet. Lorem ipsum dolor sit amet, consetetur sadipscing elitr, sed diam nonumy eirmod tempor invidunt ut labore et dolore magna aliquyam erat, sed diam voluptua. At vero eos et accusam et justo duo dolores et ea rebum. Stet clita kasd gubergren, no sea takimata sanctus est Lorem ipsum dolor sit amet.", "type": "text", "style": "", "detail": 0, "format": 0, "version": 1}], "direction": null, "textStyle": "", "textFormat": 0}, {"type": "block", "fields": {"id": "68f63a116b985c7d01c0815d", "images": [{"id": "68fbade67b1afde1b3e0b997", "media": "3c32d8f7-b5ad-4893-97c4-0506c398dee8"}, {"id": "68f63a138a18cc90ca5961a5", "media": "e432ef61-83fc-42e8-9ea3-69a9f9e66a74"}, {"id": "68f63a1e8a18cc90ca5961a7", "media": "3eed0c6a-476a-4fdc-84b0-6a9dd19c4e73"}, {"id": "68f63a388a18cc90ca5961a9", "media": "f4253fb9-a457-42ff-8ea8-7b60c4ef5631"}, {"id": "68fbaf44437af004b8c51ef8", "media": "2dc484cd-c7e8-49c4-af02-8946bac1bdf6"}], "blockName": "", "blockType": "galleryBlock"}, "format": "", "version": 2}, {"type": "paragraph", "format": "", "indent": 0, "version": 1, "children": [], "direction": null, "textStyle": "", "textFormat": 0}], "direction": null}}	This is my fifth post	e432ef61-83fc-42e8-9ea3-69a9f9e66a74	lalalalala	2025-10-13 14:45:09.988+00	this-is-my-first-post	f	2025-10-24 17:20:37.049+00	2025-10-15 08:04:37.707+00	draft	2025-10-24 17:20:37.049+00	2025-10-24 17:20:37.049+00	f	t
5c21774d-ff9b-4072-831e-86565062397c	387d2a76-420f-46b1-ac36-d80e4aad6e36	This is my fifth post	e432ef61-83fc-42e8-9ea3-69a9f9e66a74	Lorem ipsum dolor sit amet, consetetur sadipscing elitr, sed diam nonumy eirmod tempor invidunt ut labore et dolore magna aliquyam erat, sed diam voluptua. At vero eos et accusam et justo duo dolores et ea rebum.	{"root": {"type": "root", "format": "", "indent": 0, "version": 1, "children": [{"type": "paragraph", "format": "", "indent": 0, "version": 1, "children": [{"mode": "normal", "text": "Lorem ipsum dolor sit amet, consetetur sadipscing elitr, sed diam nonumy eirmod tempor invidunt ut labore et dolore magna aliquyam erat, sed diam voluptua. At vero eos et accusam et justo duo dolores et ea rebum. Stet clita kasd gubergren, no sea takimata sanctus est Lorem ipsum dolor sit amet. Lorem ipsum dolor sit amet, consetetur sadipscing elitr, sed diam nonumy eirmod tempor invidunt ut labore et dolore magna aliquyam erat, sed diam voluptua. At vero eos et accusam et justo duo dolores et ea rebum. Stet clita kasd gubergren, no sea takimata sanctus est Lorem ipsum dolor sit amet.", "type": "text", "style": "", "detail": 0, "format": 0, "version": 1}], "direction": null, "textStyle": "", "textFormat": 0}, {"tag": "h2", "type": "heading", "format": "", "indent": 0, "version": 1, "children": [{"mode": "normal", "text": "here comes a heading", "type": "text", "style": "", "detail": 0, "format": 0, "version": 1}], "direction": null}, {"type": "paragraph", "format": "", "indent": 0, "version": 1, "children": [{"mode": "normal", "text": "and more content followed by an image:", "type": "text", "style": "", "detail": 0, "format": 0, "version": 1}], "direction": null, "textStyle": "", "textFormat": 0}, {"type": "block", "fields": {"id": "68ef5462e633ed551dc66b7e", "media": "e432ef61-83fc-42e8-9ea3-69a9f9e66a74", "blockName": "", "blockType": "mediaBlock"}, "format": "", "version": 2}, {"type": "paragraph", "format": "", "indent": 0, "version": 1, "children": [{"mode": "normal", "text": "Lorem ipsum dolor sit amet, consetetur sadipscing elitr, sed diam nonumy eirmod tempor invidunt ut labore et dolore magna aliquyam erat, sed diam voluptua. At vero eos et accusam et justo duo dolores et ea rebum. Stet clita kasd gubergren, no sea takimata sanctus est Lorem ipsum dolor sit amet. Lorem ipsum dolor sit amet, consetetur sadipscing elitr, sed diam nonumy eirmod tempor invidunt ut labore et dolore magna aliquyam erat, sed diam voluptua. At vero eos et accusam et justo duo dolores et ea rebum. Stet clita kasd gubergren, no sea takimata sanctus est Lorem ipsum dolor sit amet.", "type": "text", "style": "", "detail": 0, "format": 0, "version": 1}], "direction": null, "textStyle": "", "textFormat": 0}, {"type": "block", "fields": {"id": "68f63a116b985c7d01c0815d", "images": [{"id": "68fbade67b1afde1b3e0b997", "media": "3c32d8f7-b5ad-4893-97c4-0506c398dee8"}, {"id": "68f63a138a18cc90ca5961a5", "media": "e432ef61-83fc-42e8-9ea3-69a9f9e66a74"}, {"id": "68f63a1e8a18cc90ca5961a7", "media": "3eed0c6a-476a-4fdc-84b0-6a9dd19c4e73"}, {"id": "68f63a388a18cc90ca5961a9", "media": "f4253fb9-a457-42ff-8ea8-7b60c4ef5631"}, {"id": "68fbaf44437af004b8c51ef8", "media": "2dc484cd-c7e8-49c4-af02-8946bac1bdf6"}], "blockName": "", "blockType": "galleryBlock"}, "format": "", "version": 2}, {"type": "paragraph", "format": "", "indent": 0, "version": 1, "children": [], "direction": null, "textStyle": "", "textFormat": 0}], "direction": null}}	This is my fifth post	e432ef61-83fc-42e8-9ea3-69a9f9e66a74	lalalalala	2025-10-13 14:45:09.988+00	this-is-my-first-post	f	2025-10-24 17:20:38.013+00	2025-10-15 08:04:37.707+00	published	2025-10-24 17:20:38.014+00	2025-10-24 17:20:38.014+00	f	f
591ba59e-dd99-4d33-9728-e838fea522ff	387d2a76-420f-46b1-ac36-d80e4aad6e36	This is my fifth post	e432ef61-83fc-42e8-9ea3-69a9f9e66a74	Lorem ipsum dolor sit amet, consetetur sadipscing elitr, sed diam nonumy eirmod tempor invidunt ut labore et dolore magna aliquyam erat, sed diam voluptua. At vero eos et accusam et justo duo dolores et ea rebum.	{"root": {"type": "root", "format": "", "indent": 0, "version": 1, "children": [{"type": "paragraph", "format": "", "indent": 0, "version": 1, "children": [{"mode": "normal", "text": "Lorem ipsum dolor sit amet, consetetur sadipscing elitr, sed diam nonumy eirmod tempor invidunt ut labore et dolore magna aliquyam erat, sed diam voluptua. At vero eos et accusam et justo duo dolores et ea rebum. Stet clita kasd gubergren, no sea takimata sanctus est Lorem ipsum dolor sit amet. Lorem ipsum dolor sit amet, consetetur sadipscing elitr, sed diam nonumy eirmod tempor invidunt ut labore et dolore magna aliquyam erat, sed diam voluptua. At vero eos et accusam et justo duo dolores et ea rebum. Stet clita kasd gubergren, no sea takimata sanctus est Lorem ipsum dolor sit amet.", "type": "text", "style": "", "detail": 0, "format": 0, "version": 1}], "direction": null, "textStyle": "", "textFormat": 0}, {"tag": "h2", "type": "heading", "format": "", "indent": 0, "version": 1, "children": [{"mode": "normal", "text": "here comes a heading", "type": "text", "style": "", "detail": 0, "format": 0, "version": 1}], "direction": null}, {"type": "paragraph", "format": "", "indent": 0, "version": 1, "children": [{"mode": "normal", "text": "and more content followed by an image:", "type": "text", "style": "", "detail": 0, "format": 0, "version": 1}], "direction": null, "textStyle": "", "textFormat": 0}, {"type": "block", "fields": {"id": "68ef5462e633ed551dc66b7e", "media": "e432ef61-83fc-42e8-9ea3-69a9f9e66a74", "blockName": "", "blockType": "mediaBlock"}, "format": "", "version": 2}, {"type": "paragraph", "format": "", "indent": 0, "version": 1, "children": [{"mode": "normal", "text": "Lorem ipsum dolor sit amet, consetetur sadipscing elitr, sed diam nonumy eirmod tempor invidunt ut labore et dolore magna aliquyam erat, sed diam voluptua. At vero eos et accusam et justo duo dolores et ea rebum. Stet clita kasd gubergren, no sea takimata sanctus est Lorem ipsum dolor sit amet. Lorem ipsum dolor sit amet, consetetur sadipscing elitr, sed diam nonumy eirmod tempor invidunt ut labore et dolore magna aliquyam erat, sed diam voluptua. At vero eos et accusam et justo duo dolores et ea rebum. Stet clita kasd gubergren, no sea takimata sanctus est Lorem ipsum dolor sit amet.", "type": "text", "style": "", "detail": 0, "format": 0, "version": 1}], "direction": null, "textStyle": "", "textFormat": 0}, {"type": "block", "fields": {"id": "68f63a116b985c7d01c0815d", "images": [{"id": "68fbade67b1afde1b3e0b997", "media": "3c32d8f7-b5ad-4893-97c4-0506c398dee8"}, {"id": "68f63a138a18cc90ca5961a5", "media": "e432ef61-83fc-42e8-9ea3-69a9f9e66a74"}, {"id": "68fbaf44437af004b8c51ef8", "media": "2dc484cd-c7e8-49c4-af02-8946bac1bdf6"}, {"id": "68f63a1e8a18cc90ca5961a7", "media": "3eed0c6a-476a-4fdc-84b0-6a9dd19c4e73"}, {"id": "68f63a388a18cc90ca5961a9", "media": "f4253fb9-a457-42ff-8ea8-7b60c4ef5631"}], "blockType": "galleryBlock"}, "format": "", "version": 2}, {"type": "paragraph", "format": "", "indent": 0, "version": 1, "children": [], "direction": null, "textStyle": "", "textFormat": 0}], "direction": null}}	This is my fifth post	e432ef61-83fc-42e8-9ea3-69a9f9e66a74	lalalalala	2025-10-13 14:45:09.988+00	this-is-my-first-post	f	2025-10-29 12:53:13.279+00	2025-10-15 08:04:37.707+00	draft	2025-10-29 12:53:13.279+00	2025-10-29 12:53:13.279+00	f	t
b9710824-a5cf-4980-989e-68a2994313a8	387d2a76-420f-46b1-ac36-d80e4aad6e36	This is my fifth post	e432ef61-83fc-42e8-9ea3-69a9f9e66a74	Lorem ipsum dolor sit amet, consetetur sadipscing elitr, sed diam nonumy eirmod tempor invidunt ut labore et dolore magna aliquyam erat, sed diam voluptua. At vero eos et accusam et justo duo dolores et ea rebum.	{"root": {"type": "root", "format": "", "indent": 0, "version": 1, "children": [{"type": "paragraph", "format": "", "indent": 0, "version": 1, "children": [{"mode": "normal", "text": "Lorem ipsum dolor sit amet, consetetur sadipscing elitr, sed diam nonumy eirmod tempor invidunt ut labore et dolore magna aliquyam erat, sed diam voluptua. At vero eos et accusam et justo duo dolores et ea rebum. Stet clita kasd gubergren, no sea takimata sanctus est Lorem ipsum dolor sit amet. Lorem ipsum dolor sit amet, consetetur sadipscing elitr, sed diam nonumy eirmod tempor invidunt ut labore et dolore magna aliquyam erat, sed diam voluptua. At vero eos et accusam et justo duo dolores et ea rebum. Stet clita kasd gubergren, no sea takimata sanctus est Lorem ipsum dolor sit amet.", "type": "text", "style": "", "detail": 0, "format": 0, "version": 1}], "direction": null, "textStyle": "", "textFormat": 0}, {"type": "block", "fields": {"id": "68ef5462e633ed551dc66b7e", "media": "e432ef61-83fc-42e8-9ea3-69a9f9e66a74", "blockName": "", "blockType": "mediaBlock"}, "format": "", "version": 2}, {"type": "paragraph", "format": "", "indent": 0, "version": 1, "children": [{"mode": "normal", "text": "Lorem ipsum dolor sit amet, consetetur sadipscing elitr, sed diam nonumy eirmod tempor invidunt ut labore et dolore magna aliquyam erat, sed diam voluptua. At vero eos et accusam et justo duo dolores et ea rebum. Stet clita kasd gubergren, no sea takimata sanctus est Lorem ipsum dolor sit amet. Lorem ipsum dolor sit amet, consetetur sadipscing elitr, sed diam nonumy eirmod tempor invidunt ut labore et dolore magna aliquyam erat, sed diam voluptua. At vero eos et accusam et justo duo dolores et ea rebum. Stet clita kasd gubergren, no sea takimata sanctus est Lorem ipsum dolor sit amet.", "type": "text", "style": "", "detail": 0, "format": 0, "version": 1}], "direction": null, "textStyle": "", "textFormat": 0}], "direction": null}}	This is my fifth post | musings from munich	e432ef61-83fc-42e8-9ea3-69a9f9e66a74	lalalalala	2025-10-13 14:45:09.988+00	this-is-my-first-post	f	2025-10-15 09:14:42.846+00	2025-10-15 08:04:37.707+00	published	2025-10-15 09:14:42.848+00	2025-10-15 09:14:42.848+00	f	f
e4163c5e-a25f-41f9-bd89-a3d0f260fddc	387d2a76-420f-46b1-ac36-d80e4aad6e36	This is my fifth post	e432ef61-83fc-42e8-9ea3-69a9f9e66a74	Lorem ipsum dolor sit amet, consetetur sadipscing elitr, sed diam nonumy eirmod tempor invidunt ut labore et dolore magna aliquyam erat, sed diam voluptua. At vero eos et accusam et justo duo dolores et ea rebum.	{"root": {"type": "root", "format": "", "indent": 0, "version": 1, "children": [{"type": "paragraph", "format": "", "indent": 0, "version": 1, "children": [{"mode": "normal", "text": "Lorem ipsum dolor sit amet, consetetur sadipscing elitr, sed diam nonumy eirmod tempor invidunt ut labore et dolore magna aliquyam erat, sed diam voluptua. At vero eos et accusam et justo duo dolores et ea rebum. Stet clita kasd gubergren, no sea takimata sanctus est Lorem ipsum dolor sit amet. Lorem ipsum dolor sit amet, consetetur sadipscing elitr, sed diam nonumy eirmod tempor invidunt ut labore et dolore magna aliquyam erat, sed diam voluptua. At vero eos et accusam et justo duo dolores et ea rebum. Stet clita kasd gubergren, no sea takimata sanctus est Lorem ipsum dolor sit amet.", "type": "text", "style": "", "detail": 0, "format": 0, "version": 1}], "direction": null, "textStyle": "", "textFormat": 0}, {"tag": "h2", "type": "heading", "format": "", "indent": 0, "version": 1, "children": [{"mode": "normal", "text": "here comes a heading", "type": "text", "style": "", "detail": 0, "format": 0, "version": 1}], "direction": null}, {"type": "paragraph", "format": "", "indent": 0, "version": 1, "children": [{"mode": "normal", "text": "and more content followed by an image:", "type": "text", "style": "", "detail": 0, "format": 0, "version": 1}], "direction": null, "textStyle": "", "textFormat": 0}, {"type": "block", "fields": {"id": "68ef5462e633ed551dc66b7e", "media": "e432ef61-83fc-42e8-9ea3-69a9f9e66a74", "blockName": "", "blockType": "mediaBlock"}, "format": "", "version": 2}, {"type": "paragraph", "format": "", "indent": 0, "version": 1, "children": [{"mode": "normal", "text": "Lorem ipsum dolor sit amet, consetetur sadipscing elitr, sed diam nonumy eirmod tempor invidunt ut labore et dolore magna aliquyam erat, sed diam voluptua. At vero eos et accusam et justo duo dolores et ea rebum. Stet clita kasd gubergren, no sea takimata sanctus est Lorem ipsum dolor sit amet. Lorem ipsum dolor sit amet, consetetur sadipscing elitr, sed diam nonumy eirmod tempor invidunt ut labore et dolore magna aliquyam erat, sed diam voluptua. At vero eos et accusam et justo duo dolores et ea rebum. Stet clita kasd gubergren, no sea takimata sanctus est Lorem ipsum dolor sit amet.", "type": "text", "style": "", "detail": 0, "format": 0, "version": 1}], "direction": null, "textStyle": "", "textFormat": 0}], "direction": null}}	This is my fifth post	e432ef61-83fc-42e8-9ea3-69a9f9e66a74	lalalalala	2025-10-13 14:45:09.988+00	this-is-my-first-post	f	2025-10-16 08:49:45.257+00	2025-10-15 08:04:37.707+00	draft	2025-10-16 08:49:24.121+00	2025-10-16 08:49:45.257+00	f	t
\.


--
-- Data for Name: media; Type: TABLE DATA; Schema: public; Owner: payload
--

COPY public.media (id, alt, folder_id, updated_at, created_at, url, thumbnail_u_r_l, filename, mime_type, filesize, width, height, focal_x, focal_y, sizes_thumbnail_url, sizes_thumbnail_width, sizes_thumbnail_height, sizes_thumbnail_mime_type, sizes_thumbnail_filesize, sizes_thumbnail_filename, sizes_wide_url, sizes_wide_width, sizes_wide_height, sizes_wide_mime_type, sizes_wide_filesize, sizes_wide_filename, sizes_small_url, sizes_small_width, sizes_small_height, sizes_small_mime_type, sizes_small_filesize, sizes_small_filename, sizes_medium_url, sizes_medium_width, sizes_medium_height, sizes_medium_mime_type, sizes_medium_filesize, sizes_medium_filename, sizes_large_url, sizes_large_width, sizes_large_height, sizes_large_mime_type, sizes_large_filesize, sizes_large_filename) FROM stdin;
e432ef61-83fc-42e8-9ea3-69a9f9e66a74	abstract wallpaper	\N	2025-10-07 09:53:26.127+00	2025-10-07 09:53:26.127+00	\N	\N	87128.jpg	image/jpeg	1026866	2560	1600	50	50	\N	300	188	image/jpeg	6602	87128-300x188.jpg	\N	496	288	image/jpeg	11983	87128-496x288.jpg	\N	600	375	image/jpeg	17071	87128-600x375.jpg	\N	900	563	image/jpeg	29839	87128-900x563.jpg	\N	1200	630	image/jpeg	37833	87128-1200x630.jpg
f4253fb9-a457-42ff-8ea8-7b60c4ef5631	purple background	\N	2025-10-20 13:34:16.55+00	2025-10-20 13:34:16.55+00	\N	\N	418894.jpg	image/jpeg	1634965	1920	1080	50	50	\N	300	169	image/jpeg	2123	418894-300x169.jpg	\N	496	288	image/jpeg	4030	418894-496x288.jpg	\N	600	338	image/jpeg	5423	418894-600x338.jpg	\N	900	506	image/jpeg	9734	418894-900x506.jpg	\N	1200	630	image/jpeg	15489	418894-1200x630.jpg
2dc484cd-c7e8-49c4-af02-8946bac1bdf6	Statue eines Lwn	\N	2025-10-24 16:53:03.155+00	2025-10-24 16:53:03.155+00	\N	\N	DSCF0118.jpeg	image/jpeg	278706	854	1280	50	50	\N	300	450	image/jpeg	26142	DSCF0118-300x450.jpg	\N	496	288	image/jpeg	23649	DSCF0118-496x288.jpg	\N	600	899	image/jpeg	86874	DSCF0118-600x899.jpg	\N	\N	\N	\N	\N	\N	\N	1200	630	image/jpeg	91409	DSCF0118-1200x630.jpg
3c32d8f7-b5ad-4893-97c4-0506c398dee8	Leitpfosten	\N	2025-10-24 16:53:57.412+00	2025-10-24 16:53:57.412+00	\N	\N	DSCF0120.jpeg	image/jpeg	413546	854	1280	50	50	\N	300	450	image/jpeg	39166	DSCF0120-300x450.jpg	\N	496	288	image/jpeg	39183	DSCF0120-496x288.jpg	\N	600	899	image/jpeg	137962	DSCF0120-600x899.jpg	\N	\N	\N	\N	\N	\N	\N	1200	630	image/jpeg	145411	DSCF0120-1200x630.jpg
697c7c43-12bd-42a3-a74a-0209c9d12fe0	Herbstbltter	\N	2025-10-24 16:54:16.628+00	2025-10-24 16:54:16.628+00	\N	\N	DSCF0129.jpeg	image/jpeg	201647	1280	854	50	50	\N	300	200	image/jpeg	14095	DSCF0129-300x200.jpg	\N	496	288	image/jpeg	26021	DSCF0129-496x288.jpg	\N	600	400	image/jpeg	39286	DSCF0129-600x400.jpg	\N	900	600	image/jpeg	71097	DSCF0129-900x600.jpg	\N	1200	630	image/jpeg	86585	DSCF0129-1200x630.jpg
3eed0c6a-476a-4fdc-84b0-6a9dd19c4e73	ball	\N	2025-12-01 09:45:53.834+00	2025-10-20 13:33:41.613+00	/api/media/file/462991.jpg	/api/media/file/462991-300x240.jpg	462991.jpg	image/jpeg	569422	1280	1024	50	50	/api/media/file/462991-300x240.jpg	300	240	image/jpeg	9755	462991-300x240.jpg	/api/media/file/462991-496x288.jpg	496	288	image/jpeg	20341	462991-496x288.jpg	/api/media/file/462991-600x480.jpg	600	480	image/jpeg	30861	462991-600x480.jpg	/api/media/file/462991-900x720.jpg	900	720	image/jpeg	58997	462991-900x720.jpg	/api/media/file/462991-1200x630.jpg	1200	960	image/jpeg	92015	462991-1200x960.jpg
\.


--
-- Data for Name: pages; Type: TABLE DATA; Schema: public; Owner: payload
--

COPY public.pages (id, title, content, meta_title, meta_description, slug, slug_lock, updated_at, created_at, _status) FROM stdin;
14af53ca-3a93-4583-a3c2-65f22ff85eeb	Imprint	{"root": {"type": "root", "format": "", "indent": 0, "version": 1, "children": [{"type": "paragraph", "format": "", "indent": 0, "version": 1, "children": [{"mode": "normal", "text": "Lorem ipsum dolor sit amet, consetetur sadipscing elitr, sed diam nonumy eirmod tempor invidunt ut labore et dolore magna aliquyam erat, sed diam voluptua. At vero eos et accusam et justo duo dolores et ea rebum. Stet clita kasd gubergren, no sea takimata sanctus est Lorem ipsum dolor sit amet. Lorem ipsum dolor sit amet, consetetur sadipscing elitr, sed diam nonumy eirmod tempor invidunt ut labore et dolore magna aliquyam erat, sed diam voluptua. At vero eos et accusam et justo duo dolores et ea rebum. Stet clita kasd gubergren, no sea takimata sanctus est Lorem ipsum dolor sit amet.", "type": "text", "style": "", "detail": 0, "format": 0, "version": 1}], "direction": null, "textStyle": "", "textFormat": 0}, {"tag": "h2", "type": "heading", "format": "", "indent": 0, "version": 1, "children": [{"mode": "normal", "text": "this is a heading", "type": "text", "style": "", "detail": 0, "format": 0, "version": 1}], "direction": null}, {"type": "paragraph", "format": "", "indent": 0, "version": 1, "children": [{"mode": "normal", "text": "Lorem ipsum dolor sit amet, consetetur sadipscing elitr, sed diam nonumy eirmod tempor invidunt ut labore et dolore magna aliquyam erat, sed diam voluptua. At vero eos et accusam et justo duo dolores et ea rebum. Stet clita kasd gubergren, no sea takimata sanctus est Lorem ipsum dolor sit amet. Lorem ipsum dolor sit amet, consetetur sadipscing elitr, sed diam nonumy eirmod tempor invidunt ut labore et dolore magna aliquyam erat, sed diam voluptua. At vero eos et accusam et justo duo dolores et ea rebum. Stet clita kasd gubergren, no sea takimata sanctus est Lorem ipsum dolor sit amet.", "type": "text", "style": "", "detail": 0, "format": 0, "version": 1}], "direction": null, "textStyle": "", "textFormat": 0}, {"tag": "h2", "type": "heading", "format": "", "indent": 0, "version": 1, "children": [], "direction": null}], "direction": null}}	Imprint	\N	imprint	f	2025-10-16 08:47:18.99+00	2025-10-15 08:16:25.024+00	published
\.


--
-- Data for Name: payload_folders; Type: TABLE DATA; Schema: public; Owner: payload
--

COPY public.payload_folders (id, name, folder_id, updated_at, created_at) FROM stdin;
\.


--
-- Data for Name: payload_folders_folder_type; Type: TABLE DATA; Schema: public; Owner: payload
--

COPY public.payload_folders_folder_type ("order", parent_id, value, id) FROM stdin;
\.


--
-- Data for Name: payload_jobs; Type: TABLE DATA; Schema: public; Owner: payload
--

COPY public.payload_jobs (id, input, completed_at, total_tried, has_error, error, task_slug, queue, wait_until, processing, updated_at, created_at) FROM stdin;
\.


--
-- Data for Name: payload_jobs_log; Type: TABLE DATA; Schema: public; Owner: payload
--

COPY public.payload_jobs_log (_order, _parent_id, id, executed_at, completed_at, task_slug, task_i_d, input, output, state, error) FROM stdin;
\.


--
-- Data for Name: payload_locked_documents; Type: TABLE DATA; Schema: public; Owner: payload
--

COPY public.payload_locked_documents (id, global_slug, updated_at, created_at) FROM stdin;
\.


--
-- Data for Name: payload_locked_documents_rels; Type: TABLE DATA; Schema: public; Owner: payload
--

COPY public.payload_locked_documents_rels (id, "order", parent_id, path, users_id, media_id, posts_id, pages_id, payload_jobs_id, payload_folders_id) FROM stdin;
\.


--
-- Data for Name: payload_migrations; Type: TABLE DATA; Schema: public; Owner: payload
--

COPY public.payload_migrations (id, name, batch, updated_at, created_at) FROM stdin;
9cea5609-28a8-4984-8975-9079503aab10	20250825_094952	1	2025-10-07 09:50:19.61+00	2025-10-07 09:50:19.609+00
47d54dca-aa53-4217-abdb-66454310639a	20251015_082042	2	2025-10-15 08:20:47.902+00	2025-10-15 08:20:47.901+00
cf6d3769-7253-4628-bc0a-fc76dd264c3f	20251015_082911	3	2025-10-15 08:29:16.949+00	2025-10-15 08:29:16.948+00
460e7102-ede1-4305-863f-0cc7f7de0e09	20251201_094358	4	2025-12-01 09:44:56.54+00	2025-12-01 09:44:56.54+00
\.


--
-- Data for Name: payload_preferences; Type: TABLE DATA; Schema: public; Owner: payload
--

COPY public.payload_preferences (id, key, value, updated_at, created_at) FROM stdin;
22906ae5-d37d-4214-baf0-462ac9979955	collection-users	{}	2025-10-07 09:50:41.216+00	2025-10-07 09:50:41.216+00
4fc781c7-4c07-4297-9171-b80a7360f26d	collection-posts-7ca1a14f-7c50-4e60-a802-a38792ce19c1	{"fields": {"_index-1": {"tabIndex": 0}}}	2025-10-13 14:45:23.111+00	2025-10-13 14:45:22.178+00
1a75cbfa-954a-4f90-b868-a1d4aa2dffdf	collection-pages	{"editViewType": "default"}	2025-10-15 08:16:25.382+00	2025-10-15 08:16:22.861+00
c372cfda-e315-4279-8e29-00106358edd3	global-site-settings	{"editViewType": "default"}	2025-10-15 08:29:33.586+00	2025-10-15 08:29:33.587+00
6cd2535a-0de5-4a32-87d4-3955dcb19ff3	media-collection-folder	{}	2025-10-15 08:30:09.237+00	2025-10-15 08:30:09.237+00
af00707f-ed72-4119-a6f6-9ff143d70397	collection-pages-14af53ca-3a93-4583-a3c2-65f22ff85eeb	{"fields": {"_index-1": {"tabIndex": 0}}}	2025-10-16 08:30:33.689+00	2025-10-15 08:16:31.535+00
2dc07fe3-46cb-4acf-be24-06003ef09177	collection-media	{"limit": 10, "editViewType": "default", "listViewType": "list"}	2025-10-24 16:52:39.53+00	2025-10-07 09:50:44.661+00
c95f41ab-f358-4df8-8d23-042fe106effa	collection-posts-387d2a76-420f-46b1-ac36-d80e4aad6e36	{"fields": {"images": {"collapsed": []}, "_index-1": {"tabIndex": 0}}}	2025-10-24 17:20:33.433+00	2025-10-15 09:14:14.628+00
e8ce000f-34b2-48a8-97f5-ede724560432	collection-posts	{"editViewType": "live-preview"}	2025-11-28 11:49:19.103+00	2025-10-07 09:54:05.804+00
\.


--
-- Data for Name: payload_preferences_rels; Type: TABLE DATA; Schema: public; Owner: payload
--

COPY public.payload_preferences_rels (id, "order", parent_id, path, users_id) FROM stdin;
1	\N	22906ae5-d37d-4214-baf0-462ac9979955	user	c41b1e19-847f-43f3-a890-5ea478c986a8
9	\N	4fc781c7-4c07-4297-9171-b80a7360f26d	user	c41b1e19-847f-43f3-a890-5ea478c986a8
11	\N	1a75cbfa-954a-4f90-b868-a1d4aa2dffdf	user	c41b1e19-847f-43f3-a890-5ea478c986a8
13	\N	c372cfda-e315-4279-8e29-00106358edd3	user	c41b1e19-847f-43f3-a890-5ea478c986a8
15	\N	6cd2535a-0de5-4a32-87d4-3955dcb19ff3	user	c41b1e19-847f-43f3-a890-5ea478c986a8
20	\N	af00707f-ed72-4119-a6f6-9ff143d70397	user	c41b1e19-847f-43f3-a890-5ea478c986a8
23	\N	2dc07fe3-46cb-4acf-be24-06003ef09177	user	c41b1e19-847f-43f3-a890-5ea478c986a8
25	\N	c95f41ab-f358-4df8-8d23-042fe106effa	user	c41b1e19-847f-43f3-a890-5ea478c986a8
26	\N	e8ce000f-34b2-48a8-97f5-ede724560432	user	c41b1e19-847f-43f3-a890-5ea478c986a8
\.


--
-- Data for Name: posts; Type: TABLE DATA; Schema: public; Owner: payload
--

COPY public.posts (id, title, featured_photo_id, abstract, content, meta_title, meta_image_id, meta_description, published_at, slug, slug_lock, updated_at, created_at, _status) FROM stdin;
7ca1a14f-7c50-4e60-a802-a38792ce19c1	This is my first post	e432ef61-83fc-42e8-9ea3-69a9f9e66a74	Lorem ipsum dolor sit amet, consetetur sadipscing elitr, sed diam nonumy eirmod tempor invidunt ut labore et dolore magna aliquyam erat, sed diam voluptua. At vero eos et accusam et justo duo dolores et ea rebum.	{"root": {"type": "root", "format": "", "indent": 0, "version": 1, "children": [{"type": "paragraph", "format": "", "indent": 0, "version": 1, "children": [{"mode": "normal", "text": "Lorem ipsum dolor sit amet, consetetur sadipscing elitr, sed diam nonumy eirmod tempor invidunt ut labore et dolore magna aliquyam erat, sed diam voluptua. At vero eos et accusam et justo duo dolores et ea rebum. Stet clita kasd gubergren, no sea takimata sanctus est Lorem ipsum dolor sit amet. Lorem ipsum dolor sit amet, consetetur sadipscing elitr, sed diam nonumy eirmod tempor invidunt ut labore et dolore magna aliquyam erat, sed diam voluptua. At vero eos et accusam et justo duo dolores et ea rebum. Stet clita kasd gubergren, no sea takimata sanctus est Lorem ipsum dolor sit amet.", "type": "text", "style": "", "detail": 0, "format": 0, "version": 1}], "direction": null, "textStyle": "", "textFormat": 0}, {"type": "block", "fields": {"id": "68ef5462e633ed551dc66b7e", "media": "e432ef61-83fc-42e8-9ea3-69a9f9e66a74", "blockName": "", "blockType": "mediaBlock"}, "format": "", "version": 2}, {"type": "paragraph", "format": "", "indent": 0, "version": 1, "children": [{"mode": "normal", "text": "Lorem ipsum dolor sit amet, consetetur sadipscing elitr, sed diam nonumy eirmod tempor invidunt ut labore et dolore magna aliquyam erat, sed diam voluptua. At vero eos et accusam et justo duo dolores et ea rebum. Stet clita kasd gubergren, no sea takimata sanctus est Lorem ipsum dolor sit amet. Lorem ipsum dolor sit amet, consetetur sadipscing elitr, sed diam nonumy eirmod tempor invidunt ut labore et dolore magna aliquyam erat, sed diam voluptua. At vero eos et accusam et justo duo dolores et ea rebum. Stet clita kasd gubergren, no sea takimata sanctus est Lorem ipsum dolor sit amet.", "type": "text", "style": "", "detail": 0, "format": 0, "version": 1}], "direction": null, "textStyle": "", "textFormat": 0}], "direction": null}}	\N	\N	\N	2025-10-13 14:45:09.988+00	this-is-my-first-post	f	2025-10-15 08:00:32.479+00	2025-10-07 09:54:08.513+00	published
afa6f02a-1158-4190-baeb-45f42c9f4b2c	This is my second post	e432ef61-83fc-42e8-9ea3-69a9f9e66a74	Lorem ipsum dolor sit amet, consetetur sadipscing elitr, sed diam nonumy eirmod tempor invidunt ut labore et dolore magna aliquyam erat, sed diam voluptua. At vero eos et accusam et justo duo dolores et ea rebum.	{"root": {"type": "root", "format": "", "indent": 0, "version": 1, "children": [{"type": "paragraph", "format": "", "indent": 0, "version": 1, "children": [{"mode": "normal", "text": "Lorem ipsum dolor sit amet, consetetur sadipscing elitr, sed diam nonumy eirmod tempor invidunt ut labore et dolore magna aliquyam erat, sed diam voluptua. At vero eos et accusam et justo duo dolores et ea rebum. Stet clita kasd gubergren, no sea takimata sanctus est Lorem ipsum dolor sit amet. Lorem ipsum dolor sit amet, consetetur sadipscing elitr, sed diam nonumy eirmod tempor invidunt ut labore et dolore magna aliquyam erat, sed diam voluptua. At vero eos et accusam et justo duo dolores et ea rebum. Stet clita kasd gubergren, no sea takimata sanctus est Lorem ipsum dolor sit amet.", "type": "text", "style": "", "detail": 0, "format": 0, "version": 1}], "direction": null, "textStyle": "", "textFormat": 0}, {"type": "block", "fields": {"id": "68ef5462e633ed551dc66b7e", "media": "e432ef61-83fc-42e8-9ea3-69a9f9e66a74", "blockName": "", "blockType": "mediaBlock"}, "format": "", "version": 2}, {"type": "paragraph", "format": "", "indent": 0, "version": 1, "children": [{"mode": "normal", "text": "Lorem ipsum dolor sit amet, consetetur sadipscing elitr, sed diam nonumy eirmod tempor invidunt ut labore et dolore magna aliquyam erat, sed diam voluptua. At vero eos et accusam et justo duo dolores et ea rebum. Stet clita kasd gubergren, no sea takimata sanctus est Lorem ipsum dolor sit amet. Lorem ipsum dolor sit amet, consetetur sadipscing elitr, sed diam nonumy eirmod tempor invidunt ut labore et dolore magna aliquyam erat, sed diam voluptua. At vero eos et accusam et justo duo dolores et ea rebum. Stet clita kasd gubergren, no sea takimata sanctus est Lorem ipsum dolor sit amet.", "type": "text", "style": "", "detail": 0, "format": 0, "version": 1}], "direction": null, "textStyle": "", "textFormat": 0}], "direction": null}}	\N	\N	\N	2025-10-13 14:45:09.988+00	this-is-my-first-post	f	2025-10-15 08:03:38.892+00	2025-10-15 08:03:30.563+00	published
e1011a4e-f0a7-4b6f-9295-a5beea0457b5	This is my third post	e432ef61-83fc-42e8-9ea3-69a9f9e66a74	Lorem ipsum dolor sit amet, consetetur sadipscing elitr, sed diam nonumy eirmod tempor invidunt ut labore et dolore magna aliquyam erat, sed diam voluptua. At vero eos et accusam et justo duo dolores et ea rebum.	{"root": {"type": "root", "format": "", "indent": 0, "version": 1, "children": [{"type": "paragraph", "format": "", "indent": 0, "version": 1, "children": [{"mode": "normal", "text": "Lorem ipsum dolor sit amet, consetetur sadipscing elitr, sed diam nonumy eirmod tempor invidunt ut labore et dolore magna aliquyam erat, sed diam voluptua. At vero eos et accusam et justo duo dolores et ea rebum. Stet clita kasd gubergren, no sea takimata sanctus est Lorem ipsum dolor sit amet. Lorem ipsum dolor sit amet, consetetur sadipscing elitr, sed diam nonumy eirmod tempor invidunt ut labore et dolore magna aliquyam erat, sed diam voluptua. At vero eos et accusam et justo duo dolores et ea rebum. Stet clita kasd gubergren, no sea takimata sanctus est Lorem ipsum dolor sit amet.", "type": "text", "style": "", "detail": 0, "format": 0, "version": 1}], "direction": null, "textStyle": "", "textFormat": 0}, {"type": "block", "fields": {"id": "68ef5462e633ed551dc66b7e", "media": "e432ef61-83fc-42e8-9ea3-69a9f9e66a74", "blockName": "", "blockType": "mediaBlock"}, "format": "", "version": 2}, {"type": "paragraph", "format": "", "indent": 0, "version": 1, "children": [{"mode": "normal", "text": "Lorem ipsum dolor sit amet, consetetur sadipscing elitr, sed diam nonumy eirmod tempor invidunt ut labore et dolore magna aliquyam erat, sed diam voluptua. At vero eos et accusam et justo duo dolores et ea rebum. Stet clita kasd gubergren, no sea takimata sanctus est Lorem ipsum dolor sit amet. Lorem ipsum dolor sit amet, consetetur sadipscing elitr, sed diam nonumy eirmod tempor invidunt ut labore et dolore magna aliquyam erat, sed diam voluptua. At vero eos et accusam et justo duo dolores et ea rebum. Stet clita kasd gubergren, no sea takimata sanctus est Lorem ipsum dolor sit amet.", "type": "text", "style": "", "detail": 0, "format": 0, "version": 1}], "direction": null, "textStyle": "", "textFormat": 0}], "direction": null}}	\N	\N	\N	2025-10-13 14:45:09.988+00	this-is-my-first-post	f	2025-10-15 08:03:53.179+00	2025-10-15 08:03:46.611+00	published
c64a6ee1-8c4d-4bca-8156-dce1e0a19509	This is my fourth post	e432ef61-83fc-42e8-9ea3-69a9f9e66a74	Lorem ipsum dolor sit amet, consetetur sadipscing elitr, sed diam nonumy eirmod tempor invidunt ut labore et dolore magna aliquyam erat, sed diam voluptua. At vero eos et accusam et justo duo dolores et ea rebum.	{"root": {"type": "root", "format": "", "indent": 0, "version": 1, "children": [{"type": "paragraph", "format": "", "indent": 0, "version": 1, "children": [{"mode": "normal", "text": "Lorem ipsum dolor sit amet, consetetur sadipscing elitr, sed diam nonumy eirmod tempor invidunt ut labore et dolore magna aliquyam erat, sed diam voluptua. At vero eos et accusam et justo duo dolores et ea rebum. Stet clita kasd gubergren, no sea takimata sanctus est Lorem ipsum dolor sit amet. Lorem ipsum dolor sit amet, consetetur sadipscing elitr, sed diam nonumy eirmod tempor invidunt ut labore et dolore magna aliquyam erat, sed diam voluptua. At vero eos et accusam et justo duo dolores et ea rebum. Stet clita kasd gubergren, no sea takimata sanctus est Lorem ipsum dolor sit amet.", "type": "text", "style": "", "detail": 0, "format": 0, "version": 1}], "direction": null, "textStyle": "", "textFormat": 0}, {"type": "block", "fields": {"id": "68ef5462e633ed551dc66b7e", "media": "e432ef61-83fc-42e8-9ea3-69a9f9e66a74", "blockName": "", "blockType": "mediaBlock"}, "format": "", "version": 2}, {"type": "paragraph", "format": "", "indent": 0, "version": 1, "children": [{"mode": "normal", "text": "Lorem ipsum dolor sit amet, consetetur sadipscing elitr, sed diam nonumy eirmod tempor invidunt ut labore et dolore magna aliquyam erat, sed diam voluptua. At vero eos et accusam et justo duo dolores et ea rebum. Stet clita kasd gubergren, no sea takimata sanctus est Lorem ipsum dolor sit amet. Lorem ipsum dolor sit amet, consetetur sadipscing elitr, sed diam nonumy eirmod tempor invidunt ut labore et dolore magna aliquyam erat, sed diam voluptua. At vero eos et accusam et justo duo dolores et ea rebum. Stet clita kasd gubergren, no sea takimata sanctus est Lorem ipsum dolor sit amet.", "type": "text", "style": "", "detail": 0, "format": 0, "version": 1}], "direction": null, "textStyle": "", "textFormat": 0}], "direction": null}}	\N	\N	\N	2025-10-13 14:45:09.988+00	this-is-my-first-post	f	2025-10-15 08:04:06.747+00	2025-10-15 08:04:01.842+00	published
387d2a76-420f-46b1-ac36-d80e4aad6e36	This is my fifth post	3eed0c6a-476a-4fdc-84b0-6a9dd19c4e73	Lorem ipsum dolor sit amet, consetetur sadipscing elitr, sed diam nonumy eirmod tempor invidunt ut labore et dolore magna aliquyam erat, sed diam voluptua. At vero eos et accusam et justo duo dolores et ea rebum.	{"root": {"type": "root", "format": "", "indent": 0, "version": 1, "children": [{"type": "paragraph", "format": "", "indent": 0, "version": 1, "children": [{"mode": "normal", "text": "Lorem ipsum dolor sit amet, consetetur sadipscing elitr, sed diam nonumy eirmod tempor invidunt ut labore et dolore magna aliquyam erat, sed diam voluptua. At vero eos et accusam et justo duo dolores et ea rebum. Stet clita kasd gubergren, no sea takimata sanctus est Lorem ipsum dolor sit amet. Lorem ipsum dolor sit amet, consetetur sadipscing elitr, sed diam nonumy eirmod tempor invidunt ut labore et dolore magna aliquyam erat, sed diam voluptua. At vero eos et accusam et justo duo dolores et ea rebum. Stet clita kasd gubergren, no sea takimata sanctus est Lorem ipsum dolor sit amet.", "type": "text", "style": "", "detail": 0, "format": 0, "version": 1}], "direction": null, "textStyle": "", "textFormat": 0}, {"tag": "h2", "type": "heading", "format": "", "indent": 0, "version": 1, "children": [{"mode": "normal", "text": "here comes a heading", "type": "text", "style": "", "detail": 0, "format": 0, "version": 1}], "direction": null}, {"type": "paragraph", "format": "", "indent": 0, "version": 1, "children": [{"mode": "normal", "text": "and more content followed by an image:", "type": "text", "style": "", "detail": 0, "format": 0, "version": 1}], "direction": null, "textStyle": "", "textFormat": 0}, {"type": "block", "fields": {"id": "68ef5462e633ed551dc66b7e", "media": "e432ef61-83fc-42e8-9ea3-69a9f9e66a74", "blockName": "", "blockType": "mediaBlock"}, "format": "", "version": 2}, {"type": "paragraph", "format": "", "indent": 0, "version": 1, "children": [{"mode": "normal", "text": "Lorem ipsum dolor sit amet, consetetur sadipscing elitr, sed diam nonumy eirmod tempor invidunt ut labore et dolore magna aliquyam erat, sed diam voluptua. At vero eos et accusam et justo duo dolores et ea rebum. Stet clita kasd gubergren, no sea takimata sanctus est Lorem ipsum dolor sit amet. Lorem ipsum dolor sit amet, consetetur sadipscing elitr, sed diam nonumy eirmod tempor invidunt ut labore et dolore magna aliquyam erat, sed diam voluptua. At vero eos et accusam et justo duo dolores et ea rebum. Stet clita kasd gubergren, no sea takimata sanctus est Lorem ipsum dolor sit amet.", "type": "text", "style": "", "detail": 0, "format": 0, "version": 1}], "direction": null, "textStyle": "", "textFormat": 0}, {"type": "block", "fields": {"id": "68f63a116b985c7d01c0815d", "images": [{"id": "68fbade67b1afde1b3e0b997", "media": "3c32d8f7-b5ad-4893-97c4-0506c398dee8"}, {"id": "68f63a138a18cc90ca5961a5", "media": "e432ef61-83fc-42e8-9ea3-69a9f9e66a74"}, {"id": "68fbaf44437af004b8c51ef8", "media": "2dc484cd-c7e8-49c4-af02-8946bac1bdf6"}, {"id": "68f63a1e8a18cc90ca5961a7", "media": "3eed0c6a-476a-4fdc-84b0-6a9dd19c4e73"}, {"id": "68f63a388a18cc90ca5961a9", "media": "f4253fb9-a457-42ff-8ea8-7b60c4ef5631"}], "blockType": "galleryBlock"}, "format": "", "version": 2}, {"type": "paragraph", "format": "", "indent": 0, "version": 1, "children": [], "direction": null, "textStyle": "", "textFormat": 0}], "direction": null}}	This is my fifth post	e432ef61-83fc-42e8-9ea3-69a9f9e66a74	lalalalala	2025-10-13 14:45:09.988+00	this-is-my-first-post	f	2025-12-01 09:46:48.313+00	2025-10-15 08:04:37.707+00	published
\.


--
-- Data for Name: site_settings; Type: TABLE DATA; Schema: public; Owner: payload
--

COPY public.site_settings (id, default_meta_author, default_meta_description, default_meta_image_id, updated_at, created_at) FROM stdin;
51f7323c-f49d-4b1b-8601-55e8a027f938	Lars Hoss	lorem ipsum dolor sit amet	e432ef61-83fc-42e8-9ea3-69a9f9e66a74	2025-10-15 08:29:49.707+00	2025-10-15 08:29:49.707+00
\.


--
-- Data for Name: users; Type: TABLE DATA; Schema: public; Owner: payload
--

COPY public.users (id, updated_at, created_at, email, reset_password_token, reset_password_expiration, salt, hash, login_attempts, lock_until) FROM stdin;
c41b1e19-847f-43f3-a890-5ea478c986a8	2025-10-24 16:52:22.273+00	2025-10-07 09:50:38.588+00	lars.hoss@posteo.de	\N	\N	43e61d4805683feb568f2e73da23995f9200cc904561d54c0ed4ded92c461bc4	9798a9526d0f4f0c93b6ec905721bd943e9d46fb102c165ec7033a6c7b7706d1ab57806300fdc3e2fe2e07b5369598ba6dc015f32b6bf5ef7aac9c573a17767e5ad49d3c43556035f4d446159d1537b15bfd6d4a6d2f80290aeedb72dc5fc77303b3e411877fef5b841d0f7911e1e7faf8b534cdae9d9b34f53439682a40e802aad38dffc559fdb776a764939ca5ec18869897af3ab7788100540210000925f9fa5247e2546416eb1e4e7d5b0c67d265ab9e4dfba1ad06f84a3404ef51c9370af119c105090e24bccf11891ec35db6e406a9379853ee6a8bfe5c464742475788586737917e42e49d8fb78c47a21cae78c2409f9db8bdb041166e159f0a4025ef6aa3d26cdb89ecb6927b2327a5244ec481db291ba867e9d5ac723556ef28ee69de9b0cd9466b13fd86a41aac1c9b6450e058aec1f6bd7baa7245670a4bc48087c4cf1804bf8ffcf8b37881a3aed6fe435d6b28952b0081cafa2e69cc1da0f42d9be06e9def41dd7a4cc75d6417721678de9fc84e54ad3fdfade0db9421054ca44009bab46c528d26b04c4925e8bd86787dac4e01d5bf192568ba20893a159d8dfb9ae23a8ba557a1a56210aad1f4a5109044f816dbf98dd0a71759a4fcb7b4b12ab19bdec54432d40847f0ed29aae45b8173cd688a9c692aafa1d5891faf04bc98e6130ac78d544f2e7f9b3089ca796d1c3a142a907ac006d9b4d7a9f463e66f	0	\N
\.


--
-- Data for Name: users_sessions; Type: TABLE DATA; Schema: public; Owner: payload
--

COPY public.users_sessions (_order, _parent_id, id, created_at, expires_at) FROM stdin;
1	c41b1e19-847f-43f3-a890-5ea478c986a8	243b0a60-49cc-414e-86ea-339292e2e9fe	2025-12-01 09:42:14.369+00	2025-12-01 11:42:14.369+00
\.


--
-- Name: payload_locked_documents_rels_id_seq; Type: SEQUENCE SET; Schema: public; Owner: payload
--

SELECT pg_catalog.setval('public.payload_locked_documents_rels_id_seq', 1, true);


--
-- Name: payload_preferences_rels_id_seq; Type: SEQUENCE SET; Schema: public; Owner: payload
--

SELECT pg_catalog.setval('public.payload_preferences_rels_id_seq', 26, true);


--
-- Name: _pages_v _pages_v_pkey; Type: CONSTRAINT; Schema: public; Owner: payload
--

ALTER TABLE ONLY public._pages_v
    ADD CONSTRAINT _pages_v_pkey PRIMARY KEY (id);


--
-- Name: _posts_v _posts_v_pkey; Type: CONSTRAINT; Schema: public; Owner: payload
--

ALTER TABLE ONLY public._posts_v
    ADD CONSTRAINT _posts_v_pkey PRIMARY KEY (id);


--
-- Name: media media_pkey; Type: CONSTRAINT; Schema: public; Owner: payload
--

ALTER TABLE ONLY public.media
    ADD CONSTRAINT media_pkey PRIMARY KEY (id);


--
-- Name: pages pages_pkey; Type: CONSTRAINT; Schema: public; Owner: payload
--

ALTER TABLE ONLY public.pages
    ADD CONSTRAINT pages_pkey PRIMARY KEY (id);


--
-- Name: payload_folders_folder_type payload_folders_folder_type_pkey; Type: CONSTRAINT; Schema: public; Owner: payload
--

ALTER TABLE ONLY public.payload_folders_folder_type
    ADD CONSTRAINT payload_folders_folder_type_pkey PRIMARY KEY (id);


--
-- Name: payload_folders payload_folders_pkey; Type: CONSTRAINT; Schema: public; Owner: payload
--

ALTER TABLE ONLY public.payload_folders
    ADD CONSTRAINT payload_folders_pkey PRIMARY KEY (id);


--
-- Name: payload_jobs_log payload_jobs_log_pkey; Type: CONSTRAINT; Schema: public; Owner: payload
--

ALTER TABLE ONLY public.payload_jobs_log
    ADD CONSTRAINT payload_jobs_log_pkey PRIMARY KEY (id);


--
-- Name: payload_jobs payload_jobs_pkey; Type: CONSTRAINT; Schema: public; Owner: payload
--

ALTER TABLE ONLY public.payload_jobs
    ADD CONSTRAINT payload_jobs_pkey PRIMARY KEY (id);


--
-- Name: payload_locked_documents payload_locked_documents_pkey; Type: CONSTRAINT; Schema: public; Owner: payload
--

ALTER TABLE ONLY public.payload_locked_documents
    ADD CONSTRAINT payload_locked_documents_pkey PRIMARY KEY (id);


--
-- Name: payload_locked_documents_rels payload_locked_documents_rels_pkey; Type: CONSTRAINT; Schema: public; Owner: payload
--

ALTER TABLE ONLY public.payload_locked_documents_rels
    ADD CONSTRAINT payload_locked_documents_rels_pkey PRIMARY KEY (id);


--
-- Name: payload_migrations payload_migrations_pkey; Type: CONSTRAINT; Schema: public; Owner: payload
--

ALTER TABLE ONLY public.payload_migrations
    ADD CONSTRAINT payload_migrations_pkey PRIMARY KEY (id);


--
-- Name: payload_preferences payload_preferences_pkey; Type: CONSTRAINT; Schema: public; Owner: payload
--

ALTER TABLE ONLY public.payload_preferences
    ADD CONSTRAINT payload_preferences_pkey PRIMARY KEY (id);


--
-- Name: payload_preferences_rels payload_preferences_rels_pkey; Type: CONSTRAINT; Schema: public; Owner: payload
--

ALTER TABLE ONLY public.payload_preferences_rels
    ADD CONSTRAINT payload_preferences_rels_pkey PRIMARY KEY (id);


--
-- Name: posts posts_pkey; Type: CONSTRAINT; Schema: public; Owner: payload
--

ALTER TABLE ONLY public.posts
    ADD CONSTRAINT posts_pkey PRIMARY KEY (id);


--
-- Name: site_settings site_settings_pkey; Type: CONSTRAINT; Schema: public; Owner: payload
--

ALTER TABLE ONLY public.site_settings
    ADD CONSTRAINT site_settings_pkey PRIMARY KEY (id);


--
-- Name: users users_pkey; Type: CONSTRAINT; Schema: public; Owner: payload
--

ALTER TABLE ONLY public.users
    ADD CONSTRAINT users_pkey PRIMARY KEY (id);


--
-- Name: users_sessions users_sessions_pkey; Type: CONSTRAINT; Schema: public; Owner: payload
--

ALTER TABLE ONLY public.users_sessions
    ADD CONSTRAINT users_sessions_pkey PRIMARY KEY (id);


--
-- Name: _pages_v_autosave_idx; Type: INDEX; Schema: public; Owner: payload
--

CREATE INDEX _pages_v_autosave_idx ON public._pages_v USING btree (autosave);


--
-- Name: _pages_v_created_at_idx; Type: INDEX; Schema: public; Owner: payload
--

CREATE INDEX _pages_v_created_at_idx ON public._pages_v USING btree (created_at);


--
-- Name: _pages_v_latest_idx; Type: INDEX; Schema: public; Owner: payload
--

CREATE INDEX _pages_v_latest_idx ON public._pages_v USING btree (latest);


--
-- Name: _pages_v_parent_idx; Type: INDEX; Schema: public; Owner: payload
--

CREATE INDEX _pages_v_parent_idx ON public._pages_v USING btree (parent_id);


--
-- Name: _pages_v_updated_at_idx; Type: INDEX; Schema: public; Owner: payload
--

CREATE INDEX _pages_v_updated_at_idx ON public._pages_v USING btree (updated_at);


--
-- Name: _pages_v_version_version__status_idx; Type: INDEX; Schema: public; Owner: payload
--

CREATE INDEX _pages_v_version_version__status_idx ON public._pages_v USING btree (version__status);


--
-- Name: _pages_v_version_version_created_at_idx; Type: INDEX; Schema: public; Owner: payload
--

CREATE INDEX _pages_v_version_version_created_at_idx ON public._pages_v USING btree (version_created_at);


--
-- Name: _pages_v_version_version_slug_idx; Type: INDEX; Schema: public; Owner: payload
--

CREATE INDEX _pages_v_version_version_slug_idx ON public._pages_v USING btree (version_slug);


--
-- Name: _pages_v_version_version_updated_at_idx; Type: INDEX; Schema: public; Owner: payload
--

CREATE INDEX _pages_v_version_version_updated_at_idx ON public._pages_v USING btree (version_updated_at);


--
-- Name: _posts_v_autosave_idx; Type: INDEX; Schema: public; Owner: payload
--

CREATE INDEX _posts_v_autosave_idx ON public._posts_v USING btree (autosave);


--
-- Name: _posts_v_created_at_idx; Type: INDEX; Schema: public; Owner: payload
--

CREATE INDEX _posts_v_created_at_idx ON public._posts_v USING btree (created_at);


--
-- Name: _posts_v_latest_idx; Type: INDEX; Schema: public; Owner: payload
--

CREATE INDEX _posts_v_latest_idx ON public._posts_v USING btree (latest);


--
-- Name: _posts_v_parent_idx; Type: INDEX; Schema: public; Owner: payload
--

CREATE INDEX _posts_v_parent_idx ON public._posts_v USING btree (parent_id);


--
-- Name: _posts_v_updated_at_idx; Type: INDEX; Schema: public; Owner: payload
--

CREATE INDEX _posts_v_updated_at_idx ON public._posts_v USING btree (updated_at);


--
-- Name: _posts_v_version_meta_version_meta_image_idx; Type: INDEX; Schema: public; Owner: payload
--

CREATE INDEX _posts_v_version_meta_version_meta_image_idx ON public._posts_v USING btree (version_meta_image_id);


--
-- Name: _posts_v_version_version__status_idx; Type: INDEX; Schema: public; Owner: payload
--

CREATE INDEX _posts_v_version_version__status_idx ON public._posts_v USING btree (version__status);


--
-- Name: _posts_v_version_version_created_at_idx; Type: INDEX; Schema: public; Owner: payload
--

CREATE INDEX _posts_v_version_version_created_at_idx ON public._posts_v USING btree (version_created_at);


--
-- Name: _posts_v_version_version_featured_photo_idx; Type: INDEX; Schema: public; Owner: payload
--

CREATE INDEX _posts_v_version_version_featured_photo_idx ON public._posts_v USING btree (version_featured_photo_id);


--
-- Name: _posts_v_version_version_slug_idx; Type: INDEX; Schema: public; Owner: payload
--

CREATE INDEX _posts_v_version_version_slug_idx ON public._posts_v USING btree (version_slug);


--
-- Name: _posts_v_version_version_updated_at_idx; Type: INDEX; Schema: public; Owner: payload
--

CREATE INDEX _posts_v_version_version_updated_at_idx ON public._posts_v USING btree (version_updated_at);


--
-- Name: media_created_at_idx; Type: INDEX; Schema: public; Owner: payload
--

CREATE INDEX media_created_at_idx ON public.media USING btree (created_at);


--
-- Name: media_filename_idx; Type: INDEX; Schema: public; Owner: payload
--

CREATE UNIQUE INDEX media_filename_idx ON public.media USING btree (filename);


--
-- Name: media_folder_idx; Type: INDEX; Schema: public; Owner: payload
--

CREATE INDEX media_folder_idx ON public.media USING btree (folder_id);


--
-- Name: media_sizes_large_sizes_large_filename_idx; Type: INDEX; Schema: public; Owner: payload
--

CREATE INDEX media_sizes_large_sizes_large_filename_idx ON public.media USING btree (sizes_large_filename);


--
-- Name: media_sizes_medium_sizes_medium_filename_idx; Type: INDEX; Schema: public; Owner: payload
--

CREATE INDEX media_sizes_medium_sizes_medium_filename_idx ON public.media USING btree (sizes_medium_filename);


--
-- Name: media_sizes_small_sizes_small_filename_idx; Type: INDEX; Schema: public; Owner: payload
--

CREATE INDEX media_sizes_small_sizes_small_filename_idx ON public.media USING btree (sizes_small_filename);


--
-- Name: media_sizes_thumbnail_sizes_thumbnail_filename_idx; Type: INDEX; Schema: public; Owner: payload
--

CREATE INDEX media_sizes_thumbnail_sizes_thumbnail_filename_idx ON public.media USING btree (sizes_thumbnail_filename);


--
-- Name: media_sizes_wide_sizes_wide_filename_idx; Type: INDEX; Schema: public; Owner: payload
--

CREATE INDEX media_sizes_wide_sizes_wide_filename_idx ON public.media USING btree (sizes_wide_filename);


--
-- Name: media_updated_at_idx; Type: INDEX; Schema: public; Owner: payload
--

CREATE INDEX media_updated_at_idx ON public.media USING btree (updated_at);


--
-- Name: pages__status_idx; Type: INDEX; Schema: public; Owner: payload
--

CREATE INDEX pages__status_idx ON public.pages USING btree (_status);


--
-- Name: pages_created_at_idx; Type: INDEX; Schema: public; Owner: payload
--

CREATE INDEX pages_created_at_idx ON public.pages USING btree (created_at);


--
-- Name: pages_slug_idx; Type: INDEX; Schema: public; Owner: payload
--

CREATE INDEX pages_slug_idx ON public.pages USING btree (slug);


--
-- Name: pages_updated_at_idx; Type: INDEX; Schema: public; Owner: payload
--

CREATE INDEX pages_updated_at_idx ON public.pages USING btree (updated_at);


--
-- Name: payload_folders_created_at_idx; Type: INDEX; Schema: public; Owner: payload
--

CREATE INDEX payload_folders_created_at_idx ON public.payload_folders USING btree (created_at);


--
-- Name: payload_folders_folder_idx; Type: INDEX; Schema: public; Owner: payload
--

CREATE INDEX payload_folders_folder_idx ON public.payload_folders USING btree (folder_id);


--
-- Name: payload_folders_folder_type_order_idx; Type: INDEX; Schema: public; Owner: payload
--

CREATE INDEX payload_folders_folder_type_order_idx ON public.payload_folders_folder_type USING btree ("order");


--
-- Name: payload_folders_folder_type_parent_idx; Type: INDEX; Schema: public; Owner: payload
--

CREATE INDEX payload_folders_folder_type_parent_idx ON public.payload_folders_folder_type USING btree (parent_id);


--
-- Name: payload_folders_name_idx; Type: INDEX; Schema: public; Owner: payload
--

CREATE INDEX payload_folders_name_idx ON public.payload_folders USING btree (name);


--
-- Name: payload_folders_updated_at_idx; Type: INDEX; Schema: public; Owner: payload
--

CREATE INDEX payload_folders_updated_at_idx ON public.payload_folders USING btree (updated_at);


--
-- Name: payload_jobs_completed_at_idx; Type: INDEX; Schema: public; Owner: payload
--

CREATE INDEX payload_jobs_completed_at_idx ON public.payload_jobs USING btree (completed_at);


--
-- Name: payload_jobs_created_at_idx; Type: INDEX; Schema: public; Owner: payload
--

CREATE INDEX payload_jobs_created_at_idx ON public.payload_jobs USING btree (created_at);


--
-- Name: payload_jobs_has_error_idx; Type: INDEX; Schema: public; Owner: payload
--

CREATE INDEX payload_jobs_has_error_idx ON public.payload_jobs USING btree (has_error);


--
-- Name: payload_jobs_log_order_idx; Type: INDEX; Schema: public; Owner: payload
--

CREATE INDEX payload_jobs_log_order_idx ON public.payload_jobs_log USING btree (_order);


--
-- Name: payload_jobs_log_parent_id_idx; Type: INDEX; Schema: public; Owner: payload
--

CREATE INDEX payload_jobs_log_parent_id_idx ON public.payload_jobs_log USING btree (_parent_id);


--
-- Name: payload_jobs_processing_idx; Type: INDEX; Schema: public; Owner: payload
--

CREATE INDEX payload_jobs_processing_idx ON public.payload_jobs USING btree (processing);


--
-- Name: payload_jobs_queue_idx; Type: INDEX; Schema: public; Owner: payload
--

CREATE INDEX payload_jobs_queue_idx ON public.payload_jobs USING btree (queue);


--
-- Name: payload_jobs_task_slug_idx; Type: INDEX; Schema: public; Owner: payload
--

CREATE INDEX payload_jobs_task_slug_idx ON public.payload_jobs USING btree (task_slug);


--
-- Name: payload_jobs_total_tried_idx; Type: INDEX; Schema: public; Owner: payload
--

CREATE INDEX payload_jobs_total_tried_idx ON public.payload_jobs USING btree (total_tried);


--
-- Name: payload_jobs_updated_at_idx; Type: INDEX; Schema: public; Owner: payload
--

CREATE INDEX payload_jobs_updated_at_idx ON public.payload_jobs USING btree (updated_at);


--
-- Name: payload_jobs_wait_until_idx; Type: INDEX; Schema: public; Owner: payload
--

CREATE INDEX payload_jobs_wait_until_idx ON public.payload_jobs USING btree (wait_until);


--
-- Name: payload_locked_documents_created_at_idx; Type: INDEX; Schema: public; Owner: payload
--

CREATE INDEX payload_locked_documents_created_at_idx ON public.payload_locked_documents USING btree (created_at);


--
-- Name: payload_locked_documents_global_slug_idx; Type: INDEX; Schema: public; Owner: payload
--

CREATE INDEX payload_locked_documents_global_slug_idx ON public.payload_locked_documents USING btree (global_slug);


--
-- Name: payload_locked_documents_rels_media_id_idx; Type: INDEX; Schema: public; Owner: payload
--

CREATE INDEX payload_locked_documents_rels_media_id_idx ON public.payload_locked_documents_rels USING btree (media_id);


--
-- Name: payload_locked_documents_rels_order_idx; Type: INDEX; Schema: public; Owner: payload
--

CREATE INDEX payload_locked_documents_rels_order_idx ON public.payload_locked_documents_rels USING btree ("order");


--
-- Name: payload_locked_documents_rels_pages_id_idx; Type: INDEX; Schema: public; Owner: payload
--

CREATE INDEX payload_locked_documents_rels_pages_id_idx ON public.payload_locked_documents_rels USING btree (pages_id);


--
-- Name: payload_locked_documents_rels_parent_idx; Type: INDEX; Schema: public; Owner: payload
--

CREATE INDEX payload_locked_documents_rels_parent_idx ON public.payload_locked_documents_rels USING btree (parent_id);


--
-- Name: payload_locked_documents_rels_path_idx; Type: INDEX; Schema: public; Owner: payload
--

CREATE INDEX payload_locked_documents_rels_path_idx ON public.payload_locked_documents_rels USING btree (path);


--
-- Name: payload_locked_documents_rels_payload_folders_id_idx; Type: INDEX; Schema: public; Owner: payload
--

CREATE INDEX payload_locked_documents_rels_payload_folders_id_idx ON public.payload_locked_documents_rels USING btree (payload_folders_id);


--
-- Name: payload_locked_documents_rels_payload_jobs_id_idx; Type: INDEX; Schema: public; Owner: payload
--

CREATE INDEX payload_locked_documents_rels_payload_jobs_id_idx ON public.payload_locked_documents_rels USING btree (payload_jobs_id);


--
-- Name: payload_locked_documents_rels_posts_id_idx; Type: INDEX; Schema: public; Owner: payload
--

CREATE INDEX payload_locked_documents_rels_posts_id_idx ON public.payload_locked_documents_rels USING btree (posts_id);


--
-- Name: payload_locked_documents_rels_users_id_idx; Type: INDEX; Schema: public; Owner: payload
--

CREATE INDEX payload_locked_documents_rels_users_id_idx ON public.payload_locked_documents_rels USING btree (users_id);


--
-- Name: payload_locked_documents_updated_at_idx; Type: INDEX; Schema: public; Owner: payload
--

CREATE INDEX payload_locked_documents_updated_at_idx ON public.payload_locked_documents USING btree (updated_at);


--
-- Name: payload_migrations_created_at_idx; Type: INDEX; Schema: public; Owner: payload
--

CREATE INDEX payload_migrations_created_at_idx ON public.payload_migrations USING btree (created_at);


--
-- Name: payload_migrations_updated_at_idx; Type: INDEX; Schema: public; Owner: payload
--

CREATE INDEX payload_migrations_updated_at_idx ON public.payload_migrations USING btree (updated_at);


--
-- Name: payload_preferences_created_at_idx; Type: INDEX; Schema: public; Owner: payload
--

CREATE INDEX payload_preferences_created_at_idx ON public.payload_preferences USING btree (created_at);


--
-- Name: payload_preferences_key_idx; Type: INDEX; Schema: public; Owner: payload
--

CREATE INDEX payload_preferences_key_idx ON public.payload_preferences USING btree (key);


--
-- Name: payload_preferences_rels_order_idx; Type: INDEX; Schema: public; Owner: payload
--

CREATE INDEX payload_preferences_rels_order_idx ON public.payload_preferences_rels USING btree ("order");


--
-- Name: payload_preferences_rels_parent_idx; Type: INDEX; Schema: public; Owner: payload
--

CREATE INDEX payload_preferences_rels_parent_idx ON public.payload_preferences_rels USING btree (parent_id);


--
-- Name: payload_preferences_rels_path_idx; Type: INDEX; Schema: public; Owner: payload
--

CREATE INDEX payload_preferences_rels_path_idx ON public.payload_preferences_rels USING btree (path);


--
-- Name: payload_preferences_rels_users_id_idx; Type: INDEX; Schema: public; Owner: payload
--

CREATE INDEX payload_preferences_rels_users_id_idx ON public.payload_preferences_rels USING btree (users_id);


--
-- Name: payload_preferences_updated_at_idx; Type: INDEX; Schema: public; Owner: payload
--

CREATE INDEX payload_preferences_updated_at_idx ON public.payload_preferences USING btree (updated_at);


--
-- Name: posts__status_idx; Type: INDEX; Schema: public; Owner: payload
--

CREATE INDEX posts__status_idx ON public.posts USING btree (_status);


--
-- Name: posts_created_at_idx; Type: INDEX; Schema: public; Owner: payload
--

CREATE INDEX posts_created_at_idx ON public.posts USING btree (created_at);


--
-- Name: posts_featured_photo_idx; Type: INDEX; Schema: public; Owner: payload
--

CREATE INDEX posts_featured_photo_idx ON public.posts USING btree (featured_photo_id);


--
-- Name: posts_meta_meta_image_idx; Type: INDEX; Schema: public; Owner: payload
--

CREATE INDEX posts_meta_meta_image_idx ON public.posts USING btree (meta_image_id);


--
-- Name: posts_slug_idx; Type: INDEX; Schema: public; Owner: payload
--

CREATE INDEX posts_slug_idx ON public.posts USING btree (slug);


--
-- Name: posts_updated_at_idx; Type: INDEX; Schema: public; Owner: payload
--

CREATE INDEX posts_updated_at_idx ON public.posts USING btree (updated_at);


--
-- Name: site_settings_default_meta_image_idx; Type: INDEX; Schema: public; Owner: payload
--

CREATE INDEX site_settings_default_meta_image_idx ON public.site_settings USING btree (default_meta_image_id);


--
-- Name: users_created_at_idx; Type: INDEX; Schema: public; Owner: payload
--

CREATE INDEX users_created_at_idx ON public.users USING btree (created_at);


--
-- Name: users_email_idx; Type: INDEX; Schema: public; Owner: payload
--

CREATE UNIQUE INDEX users_email_idx ON public.users USING btree (email);


--
-- Name: users_sessions_order_idx; Type: INDEX; Schema: public; Owner: payload
--

CREATE INDEX users_sessions_order_idx ON public.users_sessions USING btree (_order);


--
-- Name: users_sessions_parent_id_idx; Type: INDEX; Schema: public; Owner: payload
--

CREATE INDEX users_sessions_parent_id_idx ON public.users_sessions USING btree (_parent_id);


--
-- Name: users_updated_at_idx; Type: INDEX; Schema: public; Owner: payload
--

CREATE INDEX users_updated_at_idx ON public.users USING btree (updated_at);


--
-- Name: _pages_v _pages_v_parent_id_pages_id_fk; Type: FK CONSTRAINT; Schema: public; Owner: payload
--

ALTER TABLE ONLY public._pages_v
    ADD CONSTRAINT _pages_v_parent_id_pages_id_fk FOREIGN KEY (parent_id) REFERENCES public.pages(id) ON DELETE SET NULL;


--
-- Name: _posts_v _posts_v_parent_id_posts_id_fk; Type: FK CONSTRAINT; Schema: public; Owner: payload
--

ALTER TABLE ONLY public._posts_v
    ADD CONSTRAINT _posts_v_parent_id_posts_id_fk FOREIGN KEY (parent_id) REFERENCES public.posts(id) ON DELETE SET NULL;


--
-- Name: _posts_v _posts_v_version_featured_photo_id_media_id_fk; Type: FK CONSTRAINT; Schema: public; Owner: payload
--

ALTER TABLE ONLY public._posts_v
    ADD CONSTRAINT _posts_v_version_featured_photo_id_media_id_fk FOREIGN KEY (version_featured_photo_id) REFERENCES public.media(id) ON DELETE SET NULL;


--
-- Name: _posts_v _posts_v_version_meta_image_id_media_id_fk; Type: FK CONSTRAINT; Schema: public; Owner: payload
--

ALTER TABLE ONLY public._posts_v
    ADD CONSTRAINT _posts_v_version_meta_image_id_media_id_fk FOREIGN KEY (version_meta_image_id) REFERENCES public.media(id) ON DELETE SET NULL;


--
-- Name: media media_folder_id_payload_folders_id_fk; Type: FK CONSTRAINT; Schema: public; Owner: payload
--

ALTER TABLE ONLY public.media
    ADD CONSTRAINT media_folder_id_payload_folders_id_fk FOREIGN KEY (folder_id) REFERENCES public.payload_folders(id) ON DELETE SET NULL;


--
-- Name: payload_folders payload_folders_folder_id_payload_folders_id_fk; Type: FK CONSTRAINT; Schema: public; Owner: payload
--

ALTER TABLE ONLY public.payload_folders
    ADD CONSTRAINT payload_folders_folder_id_payload_folders_id_fk FOREIGN KEY (folder_id) REFERENCES public.payload_folders(id) ON DELETE SET NULL;


--
-- Name: payload_folders_folder_type payload_folders_folder_type_parent_fk; Type: FK CONSTRAINT; Schema: public; Owner: payload
--

ALTER TABLE ONLY public.payload_folders_folder_type
    ADD CONSTRAINT payload_folders_folder_type_parent_fk FOREIGN KEY (parent_id) REFERENCES public.payload_folders(id) ON DELETE CASCADE;


--
-- Name: payload_jobs_log payload_jobs_log_parent_id_fk; Type: FK CONSTRAINT; Schema: public; Owner: payload
--

ALTER TABLE ONLY public.payload_jobs_log
    ADD CONSTRAINT payload_jobs_log_parent_id_fk FOREIGN KEY (_parent_id) REFERENCES public.payload_jobs(id) ON DELETE CASCADE;


--
-- Name: payload_locked_documents_rels payload_locked_documents_rels_media_fk; Type: FK CONSTRAINT; Schema: public; Owner: payload
--

ALTER TABLE ONLY public.payload_locked_documents_rels
    ADD CONSTRAINT payload_locked_documents_rels_media_fk FOREIGN KEY (media_id) REFERENCES public.media(id) ON DELETE CASCADE;


--
-- Name: payload_locked_documents_rels payload_locked_documents_rels_pages_fk; Type: FK CONSTRAINT; Schema: public; Owner: payload
--

ALTER TABLE ONLY public.payload_locked_documents_rels
    ADD CONSTRAINT payload_locked_documents_rels_pages_fk FOREIGN KEY (pages_id) REFERENCES public.pages(id) ON DELETE CASCADE;


--
-- Name: payload_locked_documents_rels payload_locked_documents_rels_parent_fk; Type: FK CONSTRAINT; Schema: public; Owner: payload
--

ALTER TABLE ONLY public.payload_locked_documents_rels
    ADD CONSTRAINT payload_locked_documents_rels_parent_fk FOREIGN KEY (parent_id) REFERENCES public.payload_locked_documents(id) ON DELETE CASCADE;


--
-- Name: payload_locked_documents_rels payload_locked_documents_rels_payload_folders_fk; Type: FK CONSTRAINT; Schema: public; Owner: payload
--

ALTER TABLE ONLY public.payload_locked_documents_rels
    ADD CONSTRAINT payload_locked_documents_rels_payload_folders_fk FOREIGN KEY (payload_folders_id) REFERENCES public.payload_folders(id) ON DELETE CASCADE;


--
-- Name: payload_locked_documents_rels payload_locked_documents_rels_payload_jobs_fk; Type: FK CONSTRAINT; Schema: public; Owner: payload
--

ALTER TABLE ONLY public.payload_locked_documents_rels
    ADD CONSTRAINT payload_locked_documents_rels_payload_jobs_fk FOREIGN KEY (payload_jobs_id) REFERENCES public.payload_jobs(id) ON DELETE CASCADE;


--
-- Name: payload_locked_documents_rels payload_locked_documents_rels_posts_fk; Type: FK CONSTRAINT; Schema: public; Owner: payload
--

ALTER TABLE ONLY public.payload_locked_documents_rels
    ADD CONSTRAINT payload_locked_documents_rels_posts_fk FOREIGN KEY (posts_id) REFERENCES public.posts(id) ON DELETE CASCADE;


--
-- Name: payload_locked_documents_rels payload_locked_documents_rels_users_fk; Type: FK CONSTRAINT; Schema: public; Owner: payload
--

ALTER TABLE ONLY public.payload_locked_documents_rels
    ADD CONSTRAINT payload_locked_documents_rels_users_fk FOREIGN KEY (users_id) REFERENCES public.users(id) ON DELETE CASCADE;


--
-- Name: payload_preferences_rels payload_preferences_rels_parent_fk; Type: FK CONSTRAINT; Schema: public; Owner: payload
--

ALTER TABLE ONLY public.payload_preferences_rels
    ADD CONSTRAINT payload_preferences_rels_parent_fk FOREIGN KEY (parent_id) REFERENCES public.payload_preferences(id) ON DELETE CASCADE;


--
-- Name: payload_preferences_rels payload_preferences_rels_users_fk; Type: FK CONSTRAINT; Schema: public; Owner: payload
--

ALTER TABLE ONLY public.payload_preferences_rels
    ADD CONSTRAINT payload_preferences_rels_users_fk FOREIGN KEY (users_id) REFERENCES public.users(id) ON DELETE CASCADE;


--
-- Name: posts posts_featured_photo_id_media_id_fk; Type: FK CONSTRAINT; Schema: public; Owner: payload
--

ALTER TABLE ONLY public.posts
    ADD CONSTRAINT posts_featured_photo_id_media_id_fk FOREIGN KEY (featured_photo_id) REFERENCES public.media(id) ON DELETE SET NULL;


--
-- Name: posts posts_meta_image_id_media_id_fk; Type: FK CONSTRAINT; Schema: public; Owner: payload
--

ALTER TABLE ONLY public.posts
    ADD CONSTRAINT posts_meta_image_id_media_id_fk FOREIGN KEY (meta_image_id) REFERENCES public.media(id) ON DELETE SET NULL;


--
-- Name: site_settings site_settings_default_meta_image_id_media_id_fk; Type: FK CONSTRAINT; Schema: public; Owner: payload
--

ALTER TABLE ONLY public.site_settings
    ADD CONSTRAINT site_settings_default_meta_image_id_media_id_fk FOREIGN KEY (default_meta_image_id) REFERENCES public.media(id) ON DELETE SET NULL;


--
-- Name: users_sessions users_sessions_parent_id_fk; Type: FK CONSTRAINT; Schema: public; Owner: payload
--

ALTER TABLE ONLY public.users_sessions
    ADD CONSTRAINT users_sessions_parent_id_fk FOREIGN KEY (_parent_id) REFERENCES public.users(id) ON DELETE CASCADE;


--
-- PostgreSQL database dump complete
--

\unrestrict 8hOA2UiXuNBdbU1Gkf5lR3xMepL06idZ4z4LIcmJtG5tHuiskBVUyUCNcmRabGd

